game,date,age,team,opp,result,mp,fg,fga,fgp,three,threeatt,threep,ft,fta,ftp,orb,drb,trb,ast,stl,blk,tov,pts,game_score,minus_plus
1,1984-10-26,21-252,CHI,WSB,W (+16),40:00,5,16,.313,0,0,,6,7,.857,1,5,6,7,2,4,5,16,12.5
2,1984-10-27,21-253,CHI,MIL,L (-2),34:00,8,13,.615,0,0,,5,5,1.000,3,2,5,5,2,1,3,21,19.4
3,1984-10-29,21-255,CHI,MIL,W (+6),34:00,13,24,.542,0,0,,11,13,.846,2,2,4,5,6,2,3,37,32.9
4,1984-10-30,21-256,CHI,KCK,W (+5),36:00,8,21,.381,0,0,,9,9,1.000,2,2,4,5,3,1,6,25,14.7
5,1984-11-01,21-258,CHI,DEN,L (-16),33:00,7,15,.467,0,0,,3,4,.750,3,2,5,5,1,1,2,17,13.2
6,1984-11-07,21-264,CHI,DET,W (+4),27:00,9,19,.474,0,0,,7,9,.778,1,3,4,3,3,1,5,25,14.9
7,1984-11-08,21-265,CHI,NYK,W (+15),33:00,15,22,.682,0,0,,3,4,.750,4,4,8,5,3,2,5,33,29.3
8,1984-11-10,21-267,CHI,IND,W (+2),42:00,9,22,.409,0,0,,9,12,.750,2,7,9,4,2,5,3,27,21.2
9,1984-11-13,21-270,CHI,SAS,W (+3),43:00,18,27,.667,1,1,1.000,8,11,.727,2,8,10,4,3,2,4,45,37.5
10,1984-11-15,21-272,CHI,BOS,L (-20),33:00,12,24,.500,0,1,.000,3,3,1.000,0,2,2,2,2,1,1,27,17.1
11,1984-11-17,21-274,CHI,PHI,L (-9),44:00,4,17,.235,0,0,,8,8,1.000,0,5,5,7,5,2,4,16,12.5
12,1984-11-19,21-276,CHI,IND,L (-17),39:00,11,26,.423,0,3,.000,12,16,.750,2,3,5,2,2,1,3,34,20.8
13,1984-11-21,21-278,CHI,MIL,L (-10),42:00,11,22,.500,0,0,,13,14,.929,4,9,13,2,2,2,6,35,26.7
14,1984-11-23,21-280,CHI,SEA,W (+19),30:00,9,13,.692,0,0,,5,6,.833,0,4,4,3,4,1,4,23,19.5
15,1984-11-24,21-281,CHI,POR,L (-10),41:00,10,24,.417,0,1,.000,10,10,1.000,3,3,6,8,3,1,4,30,23.9
16,1984-11-27,21-284,CHI,GSW,L (-6),24:00,6,10,.600,0,0,,1,1,1.000,0,2,2,3,3,2,4,13,11.1
17,1984-11-29,21-286,CHI,PHO,L (-5),30:00,9,17,.529,1,1,1.000,3,4,.750,1,2,3,2,2,0,2,22,14.0
18,1984-11-30,21-287,CHI,LAC,W (+4),37:00,9,15,.600,0,0,,2,4,.500,2,3,5,5,3,0,4,20,15.5
19,1984-12-02,21-289,CHI,LAL,W (+1),42:00,7,13,.538,0,0,,6,8,.750,2,0,2,3,1,1,4,20,12.9
20,1984-12-04,21-291,CHI,NJN,W (+15),35:00,7,13,.538,0,0,,6,6,1.000,1,2,3,6,1,0,3,20,16.0
21,1984-12-07,21-294,CHI,NYK,W (+2),43:00,8,16,.500,0,1,.000,5,7,.714,1,1,2,3,2,0,6,21,9.3
22,1984-12-08,21-295,CHI,DAL,W (+2),35:00,10,23,.435,0,0,,0,0,,4,3,7,2,0,2,2,20,11.2
23,1984-12-11,21-298,CHI,DET,L (-7),37:00,13,28,.464,0,1,.000,1,3,.333,1,7,8,6,2,0,3,27,16.2
24,1984-12-12,21-299,CHI,DET,L (-7),30:00,6,17,.353,0,2,.000,9,10,.900,0,1,1,2,2,1,1,21,12.5
25,1984-12-14,21-301,CHI,NJN,L (-2),44:00,12,25,.480,0,0,,10,10,1.000,2,6,8,8,1,0,0,34,29.5
26,1984-12-15,21-302,CHI,PHI,L (-12),27:00,7,16,.438,0,0,,0,0,,1,1,2,2,1,0,1,14,7.2
27,1984-12-18,21-305,CHI,HOU,L (-8),45:00,8,20,.400,0,1,.000,2,4,.500,1,2,3,8,3,0,1,18,14.5
28,1984-12-20,21-307,CHI,ATL,W (+3),41:00,12,22,.545,0,0,,10,16,.625,4,4,8,7,5,1,7,34,26.6
29,1984-12-22,21-309,CHI,BOS,W (+25),35:00,12,18,.667,0,0,,8,8,1.000,1,11,12,8,0,3,3,32,31.7
30,1984-12-27,21-314,CHI,CLE,W (+4),44:00,20,33,.606,0,1,.000,5,5,1.000,2,5,7,11,3,0,3,45,40.1
31,1984-12-29,21-316,CHI,ATL,L (-3),39:00,7,18,.389,0,0,,7,9,.778,1,3,4,5,0,0,3,21,10.1
32,1985-01-02,21-320,CHI,ATL,L (-14),34:00,10,14,.714,0,0,,5,6,.833,1,6,7,4,3,0,4,25,22.3
33,1985-01-04,21-322,CHI,MIL,W (+5),38:00,9,16,.563,0,1,.000,4,5,.800,0,2,2,6,3,0,0,22,20.2
34,1985-01-05,21-323,CHI,NYK,L (-6),42:00,16,25,.640,0,0,,10,11,.909,4,3,7,4,2,1,3,42,35.5
35,1985-01-09,21-327,CHI,BOS,L (-3),42:00,12,24,.500,0,0,,12,13,.923,4,2,6,6,2,1,4,36,28.3
36,1985-01-11,21-329,CHI,NYK,W (+16),30:00,8,14,.571,0,0,,7,7,1.000,2,4,6,5,2,0,5,23,18.3
37,1985-01-12,21-330,CHI,CLE,L (-3),36:00,10,21,.476,0,1,.000,4,6,.667,4,8,12,3,1,0,3,24,15.8
38,1985-01-14,21-332,CHI,DEN,W (+9),43:00,11,16,.688,0,0,,13,15,.867,2,12,14,15,3,1,6,35,39.4
39,1985-01-16,21-334,CHI,NJN,L (-6),44:00,8,17,.471,0,1,.000,11,12,.917,1,6,7,7,2,0,6,27,20.1
40,1985-01-17,21-335,CHI,CLE,W (+5),40:00,8,20,.400,0,0,,9,12,.750,0,4,4,6,2,2,3,25,17.2
41,1985-01-19,21-337,CHI,IND,L (-3),41:00,15,27,.556,2,4,.500,6,8,.750,2,10,12,7,3,2,2,38,34.0
42,1985-01-22,21-340,CHI,POR,W (+8),39:00,11,20,.550,0,1,.000,7,7,1.000,1,11,12,5,2,0,4,29,23.3
43,1985-01-25,21-343,CHI,SEA,W (+17),37:00,6,15,.400,0,1,.000,10,10,1.000,2,2,4,8,4,2,1,22,24.7
44,1985-01-26,21-344,CHI,ATL,W (+13),43:00,17,24,.708,0,0,,11,11,1.000,1,7,8,10,0,4,5,45,41.4
45,1985-01-29,21-347,CHI,KCK,W (+6),38:00,11,17,.647,0,0,,4,6,.667,0,7,7,7,3,0,1,26,25.5
46,1985-01-30,21-348,CHI,WSB,L (-11),41:00,12,19,.632,0,0,,14,15,.933,0,7,7,8,4,0,4,38,35.6
47,1985-02-01,21-350,CHI,PHI,L (-11),37:00,9,16,.563,0,2,.000,13,14,.929,0,6,6,5,2,0,3,31,25.3
48,1985-02-05,21-354,CHI,BOS,L (-4),45:00,14,25,.560,0,1,.000,13,14,.929,4,8,12,7,4,1,1,41,40.1
49,1985-02-07,21-356,CHI,CLE,L (-9),38:00,8,17,.471,0,0,,7,8,.875,3,1,4,7,4,0,7,23,15.8
50,1985-02-12,21-361,CHI,DET,W (+13),45:00,19,31,.613,0,0,,11,13,.846,7,8,15,5,4,0,6,49,40.9
51,1985-02-15,21-364,CHI,IND,L (-18),37:00,8,20,.400,0,1,.000,1,2,.500,1,6,7,6,0,2,4,17,9.5
52,1985-02-17,22-000,CHI,MIL,L (-20),34:00,9,15,.600,0,0,,8,8,1.000,2,1,3,3,2,1,5,26,20.2
53,1985-02-19,22-002,CHI,LAL,L (-10),30:00,6,13,.462,0,2,.000,4,5,.800,4,2,6,8,0,0,3,16,12.9
54,1985-02-22,22-005,CHI,BOS,L (-10),42:00,8,18,.444,0,0,,10,12,.833,1,3,4,7,3,0,3,26,21.1
55,1985-02-23,22-006,CHI,GSW,W (+15),32:00,15,20,.750,0,0,,8,8,1.000,1,4,5,5,3,0,0,38,36.8
56,1985-02-26,22-009,CHI,CLE,L (-5),48:00,12,27,.444,0,1,.000,4,4,1.000,3,6,9,5,0,0,1,28,18.7
57,1985-02-27,22-010,CHI,DET,L (-9),35:00,8,17,.471,0,1,.000,8,9,.889,1,5,6,2,4,1,4,24,18.0
58,1985-03-01,22-012,CHI,NYK,W (+5),38:00,6,15,.400,0,0,,9,12,.750,2,8,10,10,3,0,7,21,17.7
59,1985-03-03,22-014,CHI,NJN,L (-4),41:00,13,21,.619,0,0,,11,12,.917,6,8,14,5,3,1,3,37,37.1
60,1985-03-05,22-016,CHI,WSB,W (+5),44:00,12,23,.522,0,0,,13,17,.765,2,7,9,8,2,1,2,37,32.7
61,1985-03-06,22-017,CHI,BOS,W (+3),42:00,13,28,.464,0,0,,7,7,1.000,2,5,7,3,5,2,5,33,24.2
62,1985-03-08,22-019,CHI,LAC,W (+16),28:00,7,13,.538,1,2,.500,11,14,.786,2,6,8,7,0,1,1,26,25.1
63,1985-03-09,22-020,CHI,UTA,L (-6),38:00,9,21,.429,1,1,1.000,9,16,.563,2,4,6,4,5,0,6,28,16.5
64,1985-03-11,22-022,CHI,WSB,L (-7),34:00,6,14,.429,0,0,,9,10,.900,1,3,4,4,0,0,4,21,12.8
65,1985-03-12,22-023,CHI,DET,W (+1),39:00,11,24,.458,0,1,.000,10,11,.909,3,5,8,4,1,0,5,32,20.8
66,1985-03-14,22-025,CHI,NYK,L (-9),34:00,5,18,.278,0,0,,6,11,.545,1,2,3,8,1,0,1,16,9.1
67,1985-03-15,22-026,CHI,PHO,W (+6),42:00,11,15,.733,0,0,,5,6,.833,1,8,9,14,2,2,6,27,29.6
68,1985-03-17,22-028,CHI,MIL,W (+2),48:00,11,25,.440,0,3,.000,10,13,.769,6,5,11,16,1,1,3,32,31.3
69,1985-03-19,22-030,CHI,HOU,L (-6),42:00,11,22,.500,0,0,,9,10,.900,2,2,4,7,2,1,7,31,21.0
70,1985-03-20,22-031,CHI,SAS,L (-8),43:00,14,23,.609,0,1,.000,10,12,.833,3,4,7,4,3,0,2,38,31.8
71,1985-03-23,22-034,CHI,DAL,W (+10),43:00,5,17,.294,0,0,,10,10,1.000,3,6,9,10,2,1,1,20,22.3
72,1985-03-24,22-035,CHI,UTA,L (-18),35:00,9,24,.375,0,0,,8,11,.727,3,6,9,6,4,2,3,26,21.3
73,1985-03-26,22-037,CHI,IND,W (+1),40:00,13,24,.542,0,1,.000,12,13,.923,4,5,9,5,3,0,3,38,31.8
74,1985-03-28,22-039,CHI,CLE,L (-8),41:00,11,25,.440,1,3,.333,12,14,.857,4,4,8,10,2,0,2,35,30.5
75,1985-03-30,22-041,CHI,PHI,L (-5),42:00,13,19,.684,1,1,1.000,11,13,.846,2,3,5,6,1,0,3,38,33.2
76,1985-04-02,22-044,CHI,NJN,W (+14),44:00,12,19,.632,0,0,,7,8,.875,5,3,8,9,3,0,7,31,28.4
77,1985-04-03,22-045,CHI,WSB,W (+9),40:00,12,19,.632,0,1,.000,1,3,.333,1,5,6,3,4,0,2,25,20.0
78,1985-04-05,22-047,CHI,PHI,L (-3),38:00,13,21,.619,0,1,.000,14,15,.933,0,1,1,5,3,0,2,40,32.5
79,1985-04-06,22-048,CHI,ATL,W (+3),43:00,12,18,.667,0,0,,9,9,1.000,2,5,7,4,3,2,7,33,26.7
80,1985-04-08,22-050,CHI,IND,L (-4),39:00,6,20,.300,0,1,.000,10,14,.714,2,6,8,5,3,0,5,22,12.7
81,1985-04-12,22-054,CHI,ATL,L (-11),36:00,11,16,.688,0,1,.000,6,7,.857,2,1,3,6,5,0,7,28,23.5
82,1985-04-13,22-055,CHI,NJN,L (-12),40:00,9,24,.375,1,5,.200,10,11,.909,2,0,2,9,1,0,4,29,18.9
1,1985-10-25,22-250,CHI,CLE,W (+1),39:00,13,26,.500,0,0,,3,4,.750,3,3,6,3,3,0,3,29,18.7
2,1985-10-26,22-251,CHI,DET,W (+3),41:00,9,24,.375,0,0,,15,16,.938,2,5,7,6,2,3,6,33,22.6
3,1985-10-29,22-254,CHI,GSW,W (+6),18:00,6,10,.600,0,0,,0,0,,0,2,2,2,0,0,1,12,8.0
4,1986-03-15,23-026,CHI,MIL,L (-9),13:00,4,7,.571,0,0,,4,7,.571,0,1,1,2,1,0,1,12,8.4
5,1986-03-17,23-028,CHI,ATL,L (-10),14:00,4,16,.250,0,1,.000,9,10,.900,3,1,4,1,7,1,1,17,16.8
6,1986-03-19,23-030,CHI,PHI,L (-6),15:00,4,14,.286,0,2,.000,4,6,.667,4,0,4,3,2,2,1,12,9.9
7,1986-03-21,23-032,CHI,BOS,L (-21),16:00,7,16,.438,0,1,.000,6,7,.857,2,0,2,1,0,1,1,20,11.8
8,1986-03-22,23-033,CHI,CLE,L (-26),16:00,4,13,.308,0,0,,0,1,.000,1,0,1,1,0,0,1,8,-0.3
9,1986-03-25,23-036,CHI,NYK,W (+13),19:00,5,12,.417,0,1,.000,9,9,1.000,1,2,3,3,1,0,2,19,13.8
10,1986-03-28,23-039,CHI,NJN,L (-11),22:00,9,15,.600,0,0,,4,6,.667,0,1,1,3,5,0,3,22,17.1
11,1986-03-29,23-040,CHI,NYK,W (+10),23:00,10,17,.588,0,1,.000,4,6,.667,1,0,1,1,1,3,4,24,15.0
12,1986-04-01,23-043,CHI,MIL,L (-9),26:00,8,16,.500,0,1,.000,12,12,1.000,1,4,5,2,1,3,1,28,24.6
13,1986-04-03,23-045,CHI,IND,W (+1),28:00,12,19,.632,0,0,,2,4,.500,1,4,5,3,3,2,3,26,21.7
14,1986-04-05,23-047,CHI,ATL,W (+5),31:00,10,21,.476,2,3,.667,8,9,.889,1,2,3,3,1,1,4,30,19.6
15,1986-04-07,23-049,CHI,MIL,W (+6),31:00,10,18,.556,1,3,.333,5,5,1.000,1,4,5,7,1,3,2,26,24.1
16,1986-04-08,23-050,CHI,ATL,L (-13),33:00,12,25,.480,0,2,.000,6,6,1.000,1,5,6,6,2,1,7,30,18.6
17,1986-04-11,23-053,CHI,WSB,W (+2),37:00,12,36,.333,0,1,.000,7,10,.700,1,4,5,2,3,1,2,31,12.4
18,1986-04-13,23-055,CHI,CLE,L (-7),29:00,11,23,.478,0,2,.000,7,7,1.000,0,3,3,4,4,0,2,29,21.4
1,1986-11-01,23-257,CHI,NYK,W (+5),41:00,15,31,.484,0,0,,20,22,.909,2,4,6,3,4,3,6,50,37.5
2,1986-11-02,23-258,CHI,CLE,W (+5),39:00,16,31,.516,0,0,,9,12,.750,6,2,8,2,0,4,3,41,29.3
3,1986-11-04,23-260,CHI,SAS,W (+7),44:00,14,31,.452,0,1,.000,6,13,.462,3,5,8,5,4,2,6,34,20.8
4,1986-11-07,23-263,CHI,DET,L (-6),42:00,11,26,.423,0,1,.000,11,15,.733,0,0,0,5,1,1,3,33,18.2
5,1986-11-08,23-264,CHI,PHO,W (+5),39:00,17,27,.630,0,0,,5,5,1.000,3,3,6,3,5,0,3,39,33.2
6,1986-11-11,23-267,CHI,ATL,W (+2),39:00,14,32,.438,0,0,,6,6,1.000,4,1,5,3,1,3,5,34,18.9
7,1986-11-12,23-268,CHI,WSB,L (-2),39:00,9,25,.360,0,1,.000,10,12,.833,0,4,4,4,3,1,4,28,15.4
8,1986-11-14,23-270,CHI,BOS,L (-12),41:00,17,33,.515,1,1,1.000,13,14,.929,2,3,5,1,2,1,0,48,35.8
9,1986-11-21,23-277,CHI,NYK,W (+2),40:00,14,26,.538,0,0,,12,15,.800,1,5,6,4,3,2,2,40,32.8
10,1986-11-22,23-278,CHI,WSB,W (+9),39:00,10,26,.385,0,0,,2,3,.667,2,7,9,4,3,1,3,22,13.2
11,1986-11-26,23-282,CHI,DEN,L (-2),41:00,13,31,.419,0,0,,11,14,.786,2,7,9,3,1,3,2,37,24.0
12,1986-11-28,23-284,CHI,LAL,L (-7),45:00,19,43,.442,0,1,.000,3,4,.750,8,2,10,3,1,1,3,41,23.5
13,1986-11-29,23-285,CHI,GSW,L (-7),42:00,11,30,.367,0,1,.000,18,19,.947,3,2,5,6,4,0,2,40,30.7
14,1986-12-02,23-288,CHI,SEA,W (+6),48:00,13,30,.433,0,0,,14,15,.933,5,4,9,6,3,6,4,40,34.7
15,1986-12-03,23-289,CHI,UTA,L (-5),40:00,17,33,.515,0,2,.000,11,13,.846,0,3,3,3,6,1,2,45,34.4
16,1986-12-05,23-291,CHI,PHO,L (-2),41:00,15,37,.405,0,0,,13,17,.765,2,2,4,2,3,1,1,43,27.2
17,1986-12-06,23-292,CHI,SAS,L (-9),44:00,18,38,.474,0,2,.000,7,7,1.000,5,0,5,3,1,1,2,43,27.3
18,1986-12-09,23-295,CHI,DEN,W (+6),42:00,16,30,.533,0,0,,8,9,.889,2,4,6,6,3,4,3,40,33.4
19,1986-12-10,23-296,CHI,ATL,L (-28),39:00,15,25,.600,0,0,,11,12,.917,2,2,4,4,3,0,3,41,32.7
20,1986-12-12,23-298,CHI,MIL,W (+13),39:00,16,24,.667,0,0,,9,11,.818,0,5,5,3,2,0,2,41,31.4
21,1986-12-13,23-299,CHI,MIL,L (-23),31:00,3,17,.176,0,0,,5,8,.625,0,4,4,2,0,1,2,11,-0.4
22,1986-12-16,23-302,CHI,NJN,W (+1),37:00,13,29,.448,0,1,.000,15,18,.833,2,3,5,1,0,0,4,41,21.7
23,1986-12-18,23-304,CHI,IND,W (+9),39:00,15,27,.556,0,0,,11,12,.917,2,1,3,6,0,1,2,41,31.5
24,1986-12-20,23-306,CHI,UTA,L (-2),38:00,10,26,.385,0,0,,7,8,.875,0,4,4,7,2,4,5,27,17.1
25,1986-12-23,23-309,CHI,CLE,W (+16),35:00,18,33,.545,0,1,.000,7,7,1.000,4,1,5,6,2,0,3,43,32.6
26,1986-12-25,23-311,CHI,NYK,L (-1),41:00,10,28,.357,0,0,,10,12,.833,1,2,3,5,6,2,6,30,19.4
27,1986-12-27,23-313,CHI,IND,W (+12),36:00,20,29,.690,0,0,,4,4,1.000,2,2,4,3,0,2,4,44,32.8
28,1986-12-30,23-316,CHI,GSW,L (-3),40:00,12,27,.444,2,3,.667,5,7,.714,1,4,5,3,4,0,2,31,20.5
29,1987-01-02,23-319,CHI,BOS,L (-14),40:00,13,31,.419,0,1,.000,8,10,.800,6,2,8,3,1,0,2,34,21.8
30,1987-01-03,23-320,CHI,DET,W (+5),38:00,16,35,.457,0,2,.000,15,17,.882,1,3,4,2,1,0,1,47,29.5
31,1987-01-06,23-323,CHI,CLE,W (+4),38:00,13,23,.565,0,0,,1,3,.333,0,2,2,3,2,0,3,27,15.0
32,1987-01-08,23-325,CHI,POR,W (+4),43:00,20,34,.588,0,0,,13,16,.813,3,1,4,5,3,2,3,53,42.1
33,1987-01-10,23-327,CHI,NJN,W (+10),36:00,8,24,.333,0,0,,15,15,1.000,1,6,7,5,2,1,4,31,20.9
34,1987-01-15,23-332,CHI,HOU,L (-11),43:00,17,43,.395,1,4,.250,8,9,.889,1,2,3,3,2,1,2,43,22.6
35,1987-01-17,23-334,CHI,PHI,W (+16),44:00,17,34,.500,0,0,,13,14,.929,5,5,10,6,4,1,4,47,38.7
36,1987-01-19,23-336,CHI,IND,L (-14),41:00,11,25,.440,1,1,1.000,9,11,.818,4,2,6,3,0,0,5,32,16.6
37,1987-01-20,23-337,CHI,MIL,W (+13),39:00,11,22,.500,0,0,,9,10,.900,2,5,7,2,2,1,3,31,22.8
38,1987-01-23,23-340,CHI,CLE,W (+21),37:00,14,28,.500,1,1,1.000,6,6,1.000,1,1,2,2,3,0,3,35,23.0
39,1987-01-24,23-341,CHI,CLE,L (-30),27:00,11,20,.550,0,0,,5,6,.833,0,0,0,1,1,0,1,27,16.1
40,1987-01-27,23-344,CHI,BOS,L (-8),40:00,13,34,.382,0,2,.000,4,6,.667,1,4,5,6,2,0,5,30,12.9
41,1987-01-28,23-345,CHI,BOS,L (-29),37:00,11,23,.478,0,2,.000,5,8,.625,1,3,4,4,1,1,6,27,13.0
42,1987-01-30,23-347,CHI,PHI,L (-9),41:00,19,35,.543,0,4,.000,11,12,.917,1,1,2,5,3,2,4,49,35.0
43,1987-02-01,23-349,CHI,DET,L (-2),44:00,14,39,.359,1,5,.200,9,9,1.000,4,1,5,5,5,0,2,38,23.9
44,1987-02-03,23-351,CHI,WSB,W (+7),43:00,12,28,.429,0,1,.000,8,9,.889,3,3,6,6,0,2,5,32,19.2
45,1987-02-05,23-353,CHI,MIL,L (-15),44:00,12,24,.500,0,0,,12,13,.923,2,5,7,5,2,2,3,36,29.6
46,1987-02-10,23-358,CHI,PHI,W (+5),41:00,11,22,.500,0,0,,7,9,.778,2,1,3,4,3,1,4,29,19.8
47,1987-02-13,23-361,CHI,SEA,W (+8),41:00,14,28,.500,0,0,,17,19,.895,0,3,3,6,2,2,1,45,36.5
48,1987-02-14,23-362,CHI,NYK,W (+4),37:00,15,24,.625,0,1,.000,3,5,.600,0,2,2,8,3,3,2,33,29.9
49,1987-02-16,23-364,CHI,SAC,L (-4),48:00,13,30,.433,0,1,.000,17,18,.944,1,6,7,6,5,4,7,43,32.3
50,1987-02-20,24-003,CHI,LAL,L (-10),40:00,11,27,.407,0,0,,11,12,.917,2,0,2,5,5,2,2,33,25.8
51,1987-02-22,24-005,CHI,CLE,W (+4),39:00,16,29,.552,0,0,,11,15,.733,2,2,4,6,8,5,4,43,40.8
52,1987-02-24,24-007,CHI,ATL,W (+10),42:00,10,22,.455,0,0,,14,18,.778,3,9,12,2,5,5,2,34,32.5
53,1987-02-26,24-009,CHI,NJN,W (+15),37:00,16,25,.640,0,0,,26,27,.963,1,7,8,3,3,2,3,58,51.2
54,1987-02-28,24-011,CHI,MIL,W (+3),38:00,11,28,.393,0,1,.000,15,17,.882,3,3,6,2,3,1,3,37,24.5
55,1987-03-01,24-012,CHI,NJN,L (-10),39:00,10,23,.435,0,1,.000,10,12,.833,3,1,4,4,3,2,7,30,18.1
56,1987-03-03,24-014,CHI,LAC,W (+34),28:00,11,17,.647,0,0,,8,9,.889,0,3,3,8,3,2,2,30,30.6
57,1987-03-04,24-015,CHI,DET,W (+5),43:00,22,39,.564,0,0,,17,18,.944,3,4,7,3,3,3,5,61,47.6
58,1987-03-06,24-017,CHI,NYK,L (-1),39:00,10,24,.417,0,0,,7,9,.778,3,5,8,5,8,3,4,27,25.8
59,1987-03-08,24-019,CHI,DAL,W (+10),44:00,11,28,.393,0,1,.000,11,12,.917,3,3,6,4,5,3,1,33,28.5
60,1987-03-09,24-020,CHI,ATL,L (-5),42:00,12,26,.462,0,1,.000,7,10,.700,2,5,7,8,3,1,3,31,24.8
61,1987-03-11,24-022,CHI,PHI,L (-9),44:00,19,34,.559,1,1,1.000,10,11,.909,4,4,8,7,2,4,6,49,38.5
62,1987-03-13,24-024,CHI,DET,L (-1),36:00,7,22,.318,0,0,,10,13,.769,1,3,4,3,0,0,2,24,11.1
63,1987-03-14,24-025,CHI,WSB,L (-1),47:00,5,20,.250,0,0,,3,3,1.000,1,6,7,8,4,2,7,13,7.5
64,1987-03-16,24-027,CHI,HOU,L (-1),43:00,15,28,.536,0,1,.000,14,14,1.000,1,3,4,5,4,0,4,44,33.5
65,1987-03-17,24-028,CHI,DAL,L (-18),42:00,7,21,.333,1,2,.500,6,7,.857,0,3,3,9,0,0,3,21,11.7
66,1987-03-19,24-030,CHI,LAC,W (+17),41:00,14,23,.609,1,1,1.000,11,11,1.000,3,4,7,3,2,4,2,40,36.1
67,1987-03-21,24-032,CHI,SAC,W (+15),44:00,13,25,.520,0,1,.000,14,15,.933,1,2,3,5,4,0,7,40,28.3
68,1987-03-22,24-033,CHI,POR,L (-2),43:00,14,26,.538,0,2,.000,18,20,.900,0,1,1,6,4,0,7,46,32.9
69,1987-03-24,24-035,CHI,PHI,W (+2),44:00,22,32,.688,0,1,.000,12,15,.800,1,6,7,3,8,0,7,56,46.0
70,1987-03-26,24-037,CHI,NJN,L (-2),43:00,14,30,.467,0,0,,12,14,.857,1,5,6,7,4,1,4,40,31.2
71,1987-03-27,24-038,CHI,BOS,L (-5),40:00,9,23,.391,0,0,,4,5,.800,3,4,7,7,7,1,3,22,20.8
72,1987-03-29,24-040,CHI,NYK,W (+19),40:00,13,24,.542,0,2,.000,7,9,.778,0,1,1,8,4,1,1,33,29.0
73,1987-03-31,24-042,CHI,WSB,W (+26),34:00,12,18,.667,0,0,,12,14,.857,0,3,3,4,3,1,4,36,30.0
74,1987-04-01,24-043,CHI,IND,L (-5),41:00,10,25,.400,1,3,.333,5,6,.833,2,7,9,7,5,3,3,26,22.6
75,1987-04-03,24-045,CHI,WSB,L (-4),45:00,13,22,.591,1,2,.500,5,5,1.000,1,1,2,7,2,1,4,32,24.8
76,1987-04-04,24-046,CHI,ATL,L (-13),35:00,9,24,.375,0,1,.000,13,13,1.000,5,1,6,7,1,0,1,31,25.3
77,1987-04-07,24-049,CHI,DET,W (+30),26:00,13,21,.619,0,0,,13,16,.813,2,3,5,4,4,1,3,39,35.1
78,1987-04-10,24-052,CHI,PHI,L (-2),50:00,11,31,.355,0,1,.000,12,15,.800,3,3,6,10,3,1,3,34,25.0
79,1987-04-12,24-054,CHI,IND,W (+21),42:00,19,27,.704,0,0,,15,18,.833,2,2,4,8,4,2,3,53,49.7
80,1987-04-13,24-055,CHI,MIL,W (+7),41:00,16,31,.516,0,1,.000,18,22,.818,1,8,9,4,4,3,1,50,42.1
81,1987-04-16,24-058,CHI,ATL,L (-3),41:00,22,38,.579,0,3,.000,17,21,.810,5,5,10,1,4,1,3,61,47.8
82,1987-04-17,24-059,CHI,BOS,L (-3),25:00,5,15,.333,0,0,,7,7,1.000,1,3,4,8,0,2,1,17,15.3
1,1987-11-07,24-263,CHI,PHI,W (+10),38:00,15,25,.600,0,0,,6,10,.600,2,3,5,3,6,4,2,36,32.9
2,1987-11-10,24-266,CHI,ATL,W (+10),42:00,11,23,.478,1,3,.333,6,9,.667,0,6,6,7,1,1,3,29,20.3
3,1987-11-11,24-267,CHI,NJN,W (+9),40:00,10,20,.500,0,1,.000,11,13,.846,1,2,3,4,2,0,5,31,19.7
4,1987-11-13,24-269,CHI,NJN,W (+18),35:00,10,19,.526,0,0,,16,17,.941,3,4,7,5,6,1,3,36,36.4
5,1987-11-14,24-270,CHI,IND,L (-1),40:00,14,29,.483,0,0,,9,11,.818,3,2,5,5,4,1,3,37,28.2
6,1987-11-17,24-273,CHI,WSB,W (+4),36:00,10,18,.556,0,0,,6,6,1.000,0,3,3,7,2,1,3,26,21.7
7,1987-11-18,24-274,CHI,WSB,W (+2),40:00,9,21,.429,0,1,.000,12,12,1.000,1,2,3,8,3,1,2,30,26.3
8,1987-11-20,24-276,CHI,ATL,W (+2),40:00,10,22,.455,0,0,,13,14,.929,0,7,7,7,4,4,2,33,31.8
9,1987-11-21,24-277,CHI,DET,L (-12),44:00,17,38,.447,0,2,.000,15,17,.882,2,4,6,8,6,1,4,49,36.9
10,1987-11-23,24-279,CHI,BOS,W (+5),41:00,12,26,.462,0,0,,7,10,.700,4,6,10,3,4,0,5,31,20.1
11,1987-11-25,24-281,CHI,MIL,W (+2),39:00,13,24,.542,0,1,.000,7,8,.875,1,2,3,6,3,1,1,33,27.2
12,1987-11-27,24-283,CHI,DAL,L (-1),45:00,8,20,.400,0,1,.000,9,9,1.000,1,5,6,9,3,1,3,25,22.6
13,1987-11-28,24-284,CHI,HOU,W (+12),41:00,12,22,.545,0,1,.000,10,10,1.000,3,4,7,6,4,2,7,34,27.7
14,1987-12-01,24-287,CHI,GSW,W (+1),40:00,6,15,.400,0,0,,4,6,.667,0,6,6,9,3,1,3,16,15.1
15,1987-12-02,24-288,CHI,UTA,W (+4),39:00,17,27,.630,0,0,,13,16,.813,2,2,4,9,3,3,2,47,43.5
16,1987-12-04,24-290,CHI,DEN,L (-16),35:00,9,15,.600,1,1,1.000,4,5,.800,1,3,4,5,4,0,4,23,19.2
17,1987-12-05,24-291,CHI,SAS,L (-9),40:00,15,22,.682,0,2,.000,10,12,.833,1,1,2,8,1,0,6,40,30.2
18,1987-12-08,24-294,CHI,PHI,L (-13),42:00,14,26,.538,0,1,.000,5,6,.833,1,4,5,10,3,3,7,33,25.4
19,1987-12-10,24-296,CHI,MIL,W (+6),40:00,11,18,.611,0,0,,10,11,.909,1,6,7,4,3,1,3,32,28.6
20,1987-12-12,24-298,CHI,HOU,W (+9),40:00,16,28,.571,0,0,,12,12,1.000,0,3,3,9,5,5,3,44,42.3
21,1987-12-15,24-301,CHI,DET,L (-4),50:00,12,26,.462,1,2,.500,13,16,.813,3,5,8,12,3,1,2,38,34.7
22,1987-12-17,24-303,CHI,CLE,W (+11),41:00,20,31,.645,0,0,,12,12,1.000,0,3,3,6,4,1,2,52,45.3
23,1987-12-19,24-305,CHI,WSB,L (-13),43:00,12,23,.522,0,0,,6,8,.750,0,2,2,7,3,2,2,30,24.6
24,1987-12-22,24-308,CHI,DAL,L (-11),41:00,11,20,.550,0,1,.000,6,7,.857,4,2,6,7,4,2,4,28,26.1
25,1987-12-23,24-309,CHI,NYK,L (-1),39:00,5,15,.333,0,0,,6,9,.667,1,4,5,2,3,0,2,16,9.4
26,1987-12-26,24-312,CHI,IND,L (-14),34:00,6,22,.273,0,0,,5,6,.833,2,4,6,6,0,2,5,17,5.6
27,1987-12-29,24-315,CHI,ATL,L (-10),43:00,16,37,.432,0,2,.000,7,9,.778,6,2,8,6,5,0,2,39,28.7
28,1988-01-02,24-319,CHI,NJN,W (+23),37:00,9,19,.474,0,0,,7,7,1.000,3,7,10,10,6,3,1,25,32.0
29,1988-01-05,24-322,CHI,IND,W (+16),38:00,12,20,.600,0,0,,7,8,.875,6,5,11,9,4,5,2,31,36.9
30,1988-01-07,24-324,CHI,DEN,W (+4),42:00,11,22,.500,0,0,,6,11,.545,3,6,9,5,6,4,3,28,27.4
31,1988-01-09,24-326,CHI,UTA,W (+22),38:00,17,23,.739,0,0,,11,14,.786,1,2,3,8,4,0,1,45,43.2
32,1988-01-12,24-329,CHI,BOS,L (-7),43:00,19,35,.543,0,1,.000,4,5,.800,2,2,4,6,3,1,0,42,34.6
33,1988-01-14,24-331,CHI,CLE,L (-3),45:00,12,24,.500,0,1,.000,4,6,.667,3,1,4,7,1,2,4,28,19.7
34,1988-01-16,24-333,CHI,DET,W (+16),38:00,12,26,.462,0,0,,12,13,.923,4,6,10,10,4,4,3,36,36.4
35,1988-01-18,24-335,CHI,WSB,W (+14),39:00,13,19,.684,0,0,,7,10,.700,0,3,3,7,5,0,2,33,30.9
36,1988-01-19,24-336,CHI,ATL,L (-12),41:00,14,22,.636,0,0,,10,10,1.000,0,3,3,4,3,1,2,38,33.6
37,1988-01-22,24-339,CHI,PHO,W (+10),38:00,17,25,.680,0,0,,8,8,1.000,0,4,4,13,4,4,2,42,45.6
38,1988-01-23,24-340,CHI,GSW,W (+27),38:00,13,19,.684,0,0,,10,13,.769,3,4,7,8,3,1,2,36,35.3
39,1988-01-26,24-343,CHI,IND,L (-4),40:00,13,26,.500,1,1,1.000,7,10,.700,2,5,7,5,2,1,6,34,20.9
40,1988-01-27,24-344,CHI,PHI,W (+10),46:00,12,21,.571,1,1,1.000,12,12,1.000,2,2,4,7,2,1,2,37,32.7
41,1988-01-29,24-346,CHI,NJN,W (+27),27:00,14,18,.778,0,0,,4,5,.800,0,1,1,4,10,2,3,32,35.7
42,1988-01-30,24-347,CHI,NYK,W (+2),44:00,10,17,.588,0,1,.000,8,8,1.000,1,4,5,4,2,4,5,28,23.4
43,1988-02-01,24-349,CHI,SAC,L (-2),40:00,13,31,.419,0,0,,11,15,.733,0,5,5,3,5,2,4,37,23.3
44,1988-02-02,24-350,CHI,LAL,L (-9),40:00,14,26,.538,0,0,,11,11,1.000,1,1,2,4,3,1,3,39,29.7
45,1988-02-04,24-352,CHI,PHO,W (+12),37:00,14,27,.519,0,1,.000,9,11,.818,1,4,5,8,0,1,0,37,30.7
46,1988-02-09,24-357,CHI,DET,L (-15),42:00,7,22,.318,0,0,,6,8,.750,1,6,7,9,4,0,2,20,15.8
47,1988-02-10,24-358,CHI,NJN,L (-9),37:00,10,23,.435,0,2,.000,14,15,.933,2,2,4,4,1,3,3,34,25.2
48,1988-02-12,24-360,CHI,MIL,W (+2),43:00,9,19,.474,0,1,.000,9,10,.900,0,6,6,8,0,0,3,27,20.1
49,1988-02-13,24-361,CHI,DET,L (-9),40:00,9,22,.409,0,1,.000,9,10,.900,0,2,2,2,3,2,4,27,17.2
50,1988-02-15,24-363,CHI,ATL,W (+19),38:00,13,22,.591,0,0,,6,8,.750,3,10,13,8,5,2,2,32,35.3
51,1988-02-19,25-002,CHI,SAC,W (+21),38:00,19,27,.704,0,0,,11,14,.786,2,1,3,3,3,3,5,49,39.6
52,1988-02-21,25-004,CHI,CLE,L (-2),45:00,16,31,.516,0,2,.000,14,15,.933,1,3,4,9,3,1,3,46,37.7
53,1988-02-23,25-006,CHI,SEA,W (+7),48:00,11,29,.379,0,0,,17,20,.850,2,7,9,5,4,2,0,39,32.7
54,1988-02-26,25-009,CHI,POR,L (-8),43:00,21,34,.618,0,2,.000,10,12,.833,2,6,8,3,2,3,6,52,37.2
55,1988-02-27,25-010,CHI,MIL,L (-3),44:00,16,27,.593,0,0,,6,8,.750,1,1,2,3,3,3,3,38,27.9
56,1988-02-29,25-012,CHI,PHI,L (-1),46:00,13,22,.591,0,0,,9,13,.692,1,4,5,4,2,0,3,35,26.5
57,1988-03-03,25-015,CHI,PHI,W (+4),41:00,15,29,.517,0,0,,6,9,.667,0,10,10,7,3,2,5,36,26.2
58,1988-03-05,25-017,CHI,LAC,W (+24),27:00,9,13,.692,0,0,,3,4,.750,0,6,6,4,4,2,2,21,22.3
59,1988-03-07,25-019,CHI,NYK,L (-12),44:00,12,24,.500,0,2,.000,14,16,.875,1,9,10,3,1,0,4,38,26.1
60,1988-03-10,25-022,CHI,LAL,W (+21),42:00,17,34,.500,0,1,.000,4,4,1.000,5,4,9,7,3,1,2,38,31.5
61,1988-03-12,25-024,CHI,SAS,W (+20),34:00,9,22,.409,0,0,,10,12,.833,3,4,7,6,0,0,2,28,20.1
62,1988-03-15,25-027,CHI,CLE,W (+19),37:00,17,29,.586,0,0,,4,7,.571,4,2,6,1,2,1,2,38,27.3
63,1988-03-16,25-028,CHI,WSB,L (-3),39:00,10,23,.435,0,0,,5,5,1.000,3,1,4,5,0,2,3,25,16.4
64,1988-03-18,25-030,CHI,BOS,W (+10),42:00,19,32,.594,1,2,.500,11,11,1.000,2,3,5,9,5,1,1,50,46.9
65,1988-03-20,25-032,CHI,BOS,L (-30),39:00,10,18,.556,0,0,,6,8,.750,0,4,4,7,1,1,5,26,17.8
66,1988-03-23,25-035,CHI,PHI,W (+16),42:00,20,35,.571,0,1,.000,9,12,.750,5,8,13,2,0,2,0,49,38.4
67,1988-03-25,25-037,CHI,CLE,W (+1),48:00,14,29,.483,0,0,,11,13,.846,2,6,8,7,2,4,3,39,32.2
68,1988-03-26,25-038,CHI,IND,W (+9),42:00,16,27,.593,0,2,.000,6,9,.667,0,3,3,2,3,4,6,38,25.6
69,1988-03-29,25-041,CHI,SEA,L (-3),42:00,8,17,.471,0,0,,10,12,.833,1,3,4,4,2,2,6,26,17.1
70,1988-03-30,25-042,CHI,LAC,W (+17),34:00,15,25,.600,0,0,,6,6,1.000,2,4,6,4,6,0,2,36,32.7
71,1988-04-01,25-044,CHI,POR,W (+15),42:00,13,30,.433,1,2,.500,11,13,.846,4,7,11,7,3,0,3,38,29.2
72,1988-04-03,25-046,CHI,DET,W (+2),42:00,21,27,.778,0,1,.000,17,19,.895,2,2,4,6,2,2,1,59,54.7
73,1988-04-05,25-048,CHI,WSB,L (-11),42:00,12,20,.600,0,1,.000,5,8,.625,1,2,3,1,4,2,6,29,18.4
74,1988-04-06,25-049,CHI,MIL,W (+9),44:00,12,22,.545,0,0,,13,13,1.000,1,5,6,6,3,1,5,37,29.5
75,1988-04-08,25-051,CHI,NYK,W (+9),43:00,13,24,.542,0,0,,14,18,.778,3,3,6,3,8,1,3,40,36.0
76,1988-04-14,25-057,CHI,IND,W (+6),38:00,12,28,.429,0,2,.000,11,12,.917,2,4,6,3,3,1,2,35,25.0
77,1988-04-15,25-058,CHI,NJN,W (+1),39:00,11,20,.550,0,0,,6,8,.750,0,0,0,4,2,0,3,28,17.4
78,1988-04-17,25-060,CHI,MIL,W (+8),38:00,17,29,.586,0,1,.000,10,14,.714,1,2,3,6,4,3,2,44,36.9
79,1988-04-19,25-062,CHI,NYK,W (+3),40:00,18,27,.667,0,2,.000,11,13,.846,3,2,5,2,2,1,6,47,33.7
80,1988-04-21,25-064,CHI,BOS,L (-7),41:00,17,33,.515,0,2,.000,5,6,.833,3,0,3,8,2,1,4,39,26.7
81,1988-04-22,25-065,CHI,CLE,L (-4),42:00,12,26,.462,0,0,,2,2,1.000,1,0,1,7,4,1,2,26,18.9
82,1988-04-24,25-067,CHI,BOS,W (+7),44:00,16,25,.640,0,1,.000,14,15,.933,0,6,6,6,1,1,3,46,38.0
1,1988-11-04,25-261,CHI,DET,L (-13),43:00,10,19,.526,0,2,.000,8,12,.667,1,4,5,7,5,2,2,28,26.3
2,1988-11-05,25-262,CHI,WSB,W (+13),39:00,9,21,.429,0,0,,11,12,.917,0,2,2,7,3,0,5,29,19.4
3,1988-11-08,25-265,CHI,NYK,L (-9),39:00,13,21,.619,2,3,.667,3,3,1.000,2,1,3,9,2,0,4,31,25.5
4,1988-11-09,25-266,CHI,BOS,W (+6),42:00,18,33,.545,2,4,.500,14,16,.875,0,3,3,2,9,2,2,52,44.4
5,1988-11-11,25-268,CHI,NJN,W (+12),41:00,14,24,.583,0,1,.000,8,11,.727,1,5,6,3,3,4,6,36,26.9
6,1988-11-12,25-269,CHI,NJN,L (-6),43:00,17,31,.548,0,3,.000,8,12,.667,2,5,7,6,3,1,1,42,34.5
7,1988-11-15,25-272,CHI,PHI,W (+13),43:00,14,27,.519,0,0,,5,6,.833,1,5,6,6,5,1,3,33,27.6
8,1988-11-16,25-273,CHI,PHI,L (-13),43:00,24,29,.828,0,1,.000,4,4,1.000,3,6,9,1,4,2,4,52,46.5
9,1988-11-18,25-275,CHI,ATL,W (+3),49:00,12,21,.571,0,0,,10,13,.769,1,8,9,9,1,0,6,34,25.7
10,1988-11-22,25-279,CHI,SAC,W (+16),38:00,16,20,.800,0,0,,0,0,,1,10,11,8,1,1,2,32,32.2
11,1988-11-23,25-280,CHI,LAC,L (-8),41:00,7,15,.467,1,2,.500,11,12,.917,2,10,12,7,5,4,6,26,27.4
12,1988-11-26,25-283,CHI,DEN,L (-5),44:00,19,27,.704,3,5,.600,11,14,.786,2,9,11,7,1,0,6,52,42.3
13,1988-11-29,25-286,CHI,GSW,L (-10),43:00,11,24,.458,0,1,.000,4,4,1.000,2,8,10,7,4,0,3,26,22.1
14,1988-11-30,25-287,CHI,UTA,L (-14),39:00,11,25,.440,0,1,.000,11,13,.846,4,4,8,5,2,1,3,33,25.9
15,1988-12-03,25-290,CHI,DAL,W (+13),43:00,16,31,.516,0,0,,7,8,.875,3,8,11,6,2,3,2,39,32.1
16,1988-12-06,25-293,CHI,BOS,W (+5),43:00,14,20,.700,0,0,,10,11,.909,2,7,9,5,5,0,6,38,33.6
17,1988-12-07,25-294,CHI,DET,L (-13),40:00,4,16,.250,0,0,,10,11,.909,3,4,7,7,1,2,3,18,15.2
18,1988-12-09,25-296,CHI,MIL,W (+18),40:00,10,17,.588,0,2,.000,15,17,.882,3,8,11,5,1,1,5,35,29.8
19,1988-12-10,25-297,CHI,MIA,W (+23),37:00,14,25,.560,1,2,.500,9,10,.900,2,9,11,4,2,0,1,38,32.4
20,1988-12-13,25-300,CHI,ATL,L (-18),41:00,11,24,.458,0,1,.000,6,6,1.000,2,12,14,6,2,0,1,28,24.6
21,1988-12-16,25-303,CHI,IND,W (+7),38:00,10,22,.455,0,3,.000,8,9,.889,3,4,7,7,6,0,2,28,26.8
22,1988-12-17,25-304,CHI,MIL,W (+19),40:00,12,25,.480,0,1,.000,12,12,1.000,0,6,6,5,3,0,3,36,27.8
23,1988-12-20,25-307,CHI,LAL,W (+13),39:00,11,23,.478,2,3,.667,18,22,.818,4,3,7,8,4,0,1,42,41.0
24,1988-12-23,25-310,CHI,CHH,L (-2),41:00,14,26,.538,0,0,,5,6,.833,2,3,5,4,6,0,7,33,22.1
25,1988-12-27,25-314,CHI,CLE,L (-11),42:00,18,30,.600,1,1,1.000,6,6,1.000,3,9,12,4,3,0,4,43,34.6
26,1988-12-29,25-316,CHI,NYK,W (+2),40:00,14,27,.519,0,2,.000,9,12,.750,1,8,9,3,3,0,3,37,26.9
27,1988-12-30,25-317,CHI,IND,W (+16),37:00,13,26,.500,0,0,,5,5,1.000,2,5,7,4,4,2,2,31,26.7
28,1989-01-03,25-321,CHI,LAC,W (+5),47:00,15,30,.500,0,3,.000,11,15,.733,1,9,10,11,6,0,4,41,35.5
29,1989-01-05,25-323,CHI,CLE,L (-5),41:00,13,24,.542,1,2,.500,5,5,1.000,2,9,11,7,2,0,2,32,28.6
30,1989-01-06,25-324,CHI,UTA,L (-14),37:00,12,21,.571,0,0,,3,5,.600,1,4,5,4,2,1,2,27,20.9
31,1989-01-10,25-328,CHI,ATL,W (+3),41:00,17,29,.586,0,2,.000,14,16,.875,4,6,10,9,3,0,4,48,42.8
32,1989-01-11,25-329,CHI,CHH,W (+5),40:00,7,15,.467,0,0,,10,11,.909,1,3,4,10,3,1,6,24,20.6
33,1989-01-13,25-331,CHI,DEN,W (+5),46:00,13,24,.542,0,1,.000,12,13,.923,1,11,12,11,3,0,6,38,33.1
34,1989-01-15,25-333,CHI,BOS,W (+6),41:00,13,23,.565,0,3,.000,16,17,.941,1,8,9,11,8,0,2,42,46.7
35,1989-01-17,25-335,CHI,IND,W (+7),44:00,10,18,.556,0,1,.000,2,4,.500,1,5,6,13,4,1,2,22,25.0
36,1989-01-19,25-337,CHI,MIA,W (+4),41:00,14,25,.560,0,1,.000,6,8,.750,3,2,5,7,2,1,1,34,29.4
37,1989-01-21,25-339,CHI,PHO,L (-9),41:00,20,28,.714,0,0,,13,15,.867,1,13,14,8,2,1,4,53,47.9
38,1989-01-24,25-342,CHI,DAL,W (+18),33:00,10,20,.500,0,1,.000,4,5,.800,1,2,3,6,3,0,1,24,20.7
39,1989-01-25,25-343,CHI,PHI,L (-12),45:00,14,25,.560,0,0,,5,5,1.000,0,6,6,12,2,1,2,33,30.0
40,1989-01-27,25-345,CHI,WSB,W (+11),39:00,14,25,.560,0,0,,5,8,.625,3,8,11,9,3,1,1,33,31.8
41,1989-01-31,25-349,CHI,DET,L (-6),41:00,7,24,.292,0,1,.000,7,10,.700,3,9,12,10,2,1,5,21,12.9
42,1989-02-02,25-351,CHI,SAC,W (+11),40:00,15,21,.714,0,0,,10,12,.833,1,6,7,8,4,0,6,40,35.8
43,1989-02-03,25-352,CHI,HOU,L (-7),45:00,10,24,.417,0,1,.000,9,12,.750,2,4,6,10,5,1,3,29,26.1
44,1989-02-05,25-354,CHI,DET,L (-11),42:00,10,18,.556,1,4,.250,7,8,.875,2,4,6,10,1,1,1,28,28.1
45,1989-02-07,25-356,CHI,CHH,W (+25),32:00,11,20,.550,1,2,.500,9,10,.900,2,5,7,5,2,0,3,32,26.2
46,1989-02-09,25-358,CHI,SAS,W (+5),43:00,9,20,.450,0,0,,5,8,.625,3,3,6,9,2,1,6,23,16.6
47,1989-02-14,25-363,CHI,ATL,L (-8),36:00,11,14,.786,1,1,1.000,9,16,.563,2,3,5,3,3,1,3,32,27.3
48,1989-02-16,25-365,CHI,MIL,W (+1),40:00,16,26,.615,1,2,.500,17,18,.944,2,6,8,5,3,0,4,50,41.9
49,1989-02-19,26-002,CHI,MIL,W (+2),40:00,9,19,.474,0,0,,5,6,.833,0,3,3,9,2,3,7,23,15.6
50,1989-02-20,26-003,CHI,POR,W (+4),36:00,13,22,.591,0,0,,7,8,.875,2,4,6,7,1,0,4,33,25.7
51,1989-02-22,26-005,CHI,CHH,W (+28),37:00,10,14,.714,0,1,.000,4,5,.800,0,4,4,5,1,0,6,24,15.9
52,1989-02-24,26-007,CHI,HOU,W (+9),38:00,10,18,.556,0,0,,13,15,.867,0,4,4,8,4,0,2,33,31.6
53,1989-02-25,26-008,CHI,ATL,L (-30),30:00,7,12,.583,0,0,,4,5,.800,1,4,5,3,3,0,4,18,13.8
54,1989-02-28,26-011,CHI,SAS,W (+19),34:00,11,16,.688,0,0,,2,2,1.000,4,2,6,8,2,1,4,24,24.5
55,1989-03-03,26-014,CHI,MIL,W (+6),41:00,10,18,.556,1,1,1.000,7,11,.636,2,6,8,9,2,1,6,28,22.4
56,1989-03-04,26-015,CHI,NYK,L (-18),42:00,10,16,.625,0,0,,8,8,1.000,1,2,3,10,2,0,4,28,25.5
57,1989-03-07,26-018,CHI,PHI,L (-2),39:00,15,27,.556,0,0,,4,5,.800,3,8,11,4,3,0,2,34,28.2
58,1989-03-11,26-022,CHI,SEA,W (+17),40:00,8,13,.615,0,0,,2,2,1.000,1,7,8,15,1,3,3,18,24.3
59,1989-03-13,26-024,CHI,IND,W (+32),30:00,7,15,.467,3,4,.750,4,4,1.000,3,11,14,14,3,2,1,21,31.9
60,1989-03-15,26-026,CHI,CLE,L (-24),38:00,12,22,.545,0,0,,4,5,.800,1,5,6,12,3,0,8,28,21.4
61,1989-03-17,26-028,CHI,NYK,W (+5),41:00,9,16,.563,2,2,1.000,13,14,.929,1,4,5,9,4,1,4,33,31.9
62,1989-03-18,26-029,CHI,IND,L (-11),44:00,11,24,.458,0,1,.000,6,7,.857,0,6,6,10,0,1,2,28,22.3
63,1989-03-21,26-032,CHI,LAL,W (+1),43:00,7,20,.350,0,0,,7,8,.875,1,7,8,16,1,0,5,21,18.2
64,1989-03-22,26-033,CHI,PHO,W (+1),37:00,10,20,.500,0,0,,12,12,1.000,0,10,10,9,1,0,3,32,27.3
65,1989-03-24,26-035,CHI,POR,W (+15),40:00,10,20,.500,1,3,.333,13,16,.813,3,4,7,17,6,0,7,34,35.4
66,1989-03-25,26-036,CHI,SEA,W (+1),40:00,8,18,.444,0,0,,5,5,1.000,1,11,12,12,3,0,6,21,19.8
67,1989-03-28,26-039,CHI,GSW,W (+9),40:00,13,24,.542,0,1,.000,7,9,.778,1,11,12,11,4,0,5,33,29.7
68,1989-03-29,26-040,CHI,MIL,W (+4),43:00,9,19,.474,0,1,.000,14,16,.875,1,9,10,10,2,1,4,32,29.0
69,1989-03-31,26-042,CHI,CLE,L (-9),43:00,15,29,.517,1,2,.500,6,7,.857,2,8,10,10,3,1,3,37,32.2
70,1989-04-02,26-044,CHI,NJN,W (+11),39:00,11,23,.478,0,1,.000,5,5,1.000,5,9,14,12,2,2,3,27,29.5
71,1989-04-04,26-046,CHI,CHH,W (+20),40:00,10,15,.667,0,2,.000,13,15,.867,4,6,10,12,6,1,3,33,42.0
72,1989-04-06,26-048,CHI,DET,L (-7),43:00,11,23,.478,1,5,.200,8,8,1.000,2,11,13,10,2,0,2,31,30.2
73,1989-04-07,26-049,CHI,DET,L (-2),42:00,11,18,.611,0,0,,18,21,.857,1,6,7,11,2,0,1,40,39.4
74,1989-04-09,26-051,CHI,ATL,L (-8),43:00,13,29,.448,0,3,.000,14,14,1.000,4,6,10,12,1,0,2,40,35.7
75,1989-04-13,26-055,CHI,IND,L (-4),46:00,17,30,.567,0,1,.000,13,14,.929,2,9,11,13,4,2,4,47,45.8
76,1989-04-14,26-056,CHI,NJN,L (-12),38:00,12,27,.444,0,1,.000,5,7,.714,2,8,10,12,3,2,4,29,25.9
77,1989-04-16,26-058,CHI,CLE,L (-19),27:00,8,14,.571,0,1,.000,6,6,1.000,0,3,3,3,2,1,5,22,15.3
78,1989-04-17,26-059,CHI,NYK,W (+4),42:00,11,21,.524,1,3,.333,11,13,.846,1,10,11,9,2,3,5,34,30.8
79,1989-04-20,26-062,CHI,WSB,L (-2),39:00,9,20,.450,0,0,,12,13,.923,2,3,5,4,1,1,6,30,18.4
80,1989-04-21,26-063,CHI,WSB,W (+2),42:00,13,31,.419,0,0,,8,11,.727,6,8,14,11,2,1,1,34,31.9
81,1989-04-23,26-065,CHI,CLE,L (-6),35:00,9,19,.474,0,2,.000,7,8,.875,3,2,5,3,1,0,3,25,16.5
1,1989-11-03,26-259,CHI,CLE,W (+5),47:00,19,31,.613,1,2,.500,15,17,.882,3,11,14,6,3,1,0,54,51.2
2,1989-11-04,26-260,CHI,BOS,L (-2),34:00,10,18,.556,0,3,.000,4,6,.667,0,5,5,6,5,1,4,24,20.0
3,1989-11-07,26-263,CHI,DET,W (+3),44:00,13,24,.542,0,2,.000,14,17,.824,2,3,5,7,3,0,4,40,33.0
4,1989-11-08,26-264,CHI,MIN,W (+12),40:00,15,24,.625,1,1,1.000,14,14,1.000,1,5,6,2,2,0,3,45,36.0
5,1989-11-10,26-266,CHI,NJN,L (-10),41:00,8,22,.364,0,0,,10,11,.909,3,3,6,5,2,0,2,26,18.3
6,1989-11-11,26-267,CHI,SEA,W (+7),34:00,8,15,.533,1,2,.500,8,9,.889,0,4,4,6,3,1,4,25,20.8
7,1989-11-14,26-270,CHI,SAC,W (+2),40:00,11,25,.440,1,1,1.000,4,8,.500,6,7,13,7,2,0,4,27,20.7
8,1989-11-15,26-271,CHI,UTA,L (-1),38:00,12,26,.462,0,3,.000,16,19,.842,1,9,10,3,1,0,2,40,28.7
9,1989-11-18,26-274,CHI,SEA,L (-9),39:00,12,26,.462,3,8,.375,5,7,.714,3,3,6,7,1,0,2,32,23.5
10,1989-11-21,26-277,CHI,POR,L (-11),36:00,5,13,.385,1,3,.333,5,6,.833,0,0,0,7,2,0,4,16,11.0
11,1989-11-22,26-278,CHI,PHO,W (+5),44:00,12,30,.400,1,3,.333,9,10,.900,2,5,7,7,2,0,2,34,24.4
12,1989-11-25,26-281,CHI,GSW,W (+13),41:00,12,29,.414,1,5,.200,4,5,.800,6,8,14,9,3,0,3,29,24.8
13,1989-11-26,26-282,CHI,LAC,L (-24),33:00,9,18,.500,1,2,.500,7,10,.700,3,4,7,4,2,2,7,26,17.1
14,1989-11-28,26-284,CHI,ATL,W (+15),39:00,8,15,.533,0,0,,6,6,1.000,0,9,9,13,3,0,4,22,23.9
15,1989-12-02,26-288,CHI,MIA,W (+7),36:00,11,16,.688,0,0,,14,15,.933,2,3,5,7,0,1,5,36,30.1
16,1989-12-05,26-291,CHI,DEN,W (+20),33:00,15,27,.556,0,1,.000,5,5,1.000,8,9,17,7,1,1,1,35,36.0
17,1989-12-08,26-294,CHI,IND,L (-2),46:00,14,25,.560,1,3,.333,7,9,.778,0,8,8,10,4,1,4,36,31.8
18,1989-12-09,26-295,CHI,PHI,W (+20),36:00,13,21,.619,3,6,.500,0,0,,0,9,9,9,1,0,1,29,27.3
19,1989-12-12,26-298,CHI,DAL,W (+8),41:00,18,29,.621,2,2,1.000,3,4,.750,1,6,7,7,2,1,2,41,35.2
20,1989-12-14,26-300,CHI,ORL,W (+11),25:00,14,20,.700,3,3,1.000,7,9,.778,2,5,7,5,2,0,1,38,35.4
21,1989-12-16,26-302,CHI,CHH,W (+11),41:00,13,28,.464,0,1,.000,7,10,.700,2,7,9,7,2,2,0,33,28.4
22,1989-12-19,26-305,CHI,LAL,W (+10),44:00,15,29,.517,2,4,.500,5,5,1.000,0,7,7,5,2,1,7,37,23.6
23,1989-12-20,26-306,CHI,ORL,L (-1),45:00,20,37,.541,2,3,.667,10,10,1.000,1,4,5,7,4,0,3,52,40.7
24,1989-12-22,26-308,CHI,ATL,W (+12),32:00,10,17,.588,2,3,.667,7,8,.875,0,4,4,4,2,0,4,29,21.1
25,1989-12-23,26-309,CHI,PHI,L (-27),30:00,5,13,.385,0,1,.000,6,6,1.000,1,3,4,6,2,0,4,16,11.9
26,1989-12-26,26-312,CHI,MIN,W (+13),35:00,12,17,.706,3,5,.600,1,2,.500,1,1,2,4,4,1,3,28,24.4
27,1989-12-29,26-315,CHI,SAS,W (+4),42:00,10,26,.385,1,2,.500,13,15,.867,1,4,5,7,3,0,4,34,23.2
28,1989-12-30,26-316,CHI,WSB,W (+5),43:00,13,26,.500,0,2,.000,2,2,1.000,1,6,7,10,4,3,3,28,26.0
29,1990-01-03,26-320,CHI,CLE,W (+6),46:00,15,32,.469,0,3,.000,8,9,.889,1,7,8,8,4,0,1,38,31.0
30,1990-01-05,26-322,CHI,ORL,W (+11),41:00,19,31,.613,2,5,.400,3,3,1.000,0,4,4,6,4,0,3,43,33.7
31,1990-01-06,26-323,CHI,MIL,L (-7),41:00,13,23,.565,3,7,.429,6,7,.857,1,8,9,5,5,1,6,35,28.8
32,1990-01-09,26-326,CHI,DET,L (-10),34:00,6,17,.353,1,3,.333,3,4,.750,3,5,8,5,2,1,4,16,11.1
33,1990-01-10,26-327,CHI,IND,L (-7),42:00,13,30,.433,1,3,.333,8,8,1.000,2,5,7,5,2,1,2,35,26.3
34,1990-01-12,26-329,CHI,CHH,W (+12),40:00,19,28,.679,0,1,.000,7,9,.778,2,2,4,6,1,0,2,45,35.8
35,1990-01-13,26-330,CHI,LAC,W (+6),34:00,11,21,.524,2,4,.500,4,6,.667,0,5,5,10,4,0,0,28,29.0
36,1990-01-15,26-332,CHI,NYK,L (-3),42:00,9,24,.375,0,2,.000,8,9,.889,1,3,4,8,3,0,5,26,16.4
37,1990-01-18,26-335,CHI,GSW,W (+25),33:00,17,30,.567,7,12,.583,3,3,1.000,3,9,12,8,1,2,2,44,39.4
38,1990-01-19,26-336,CHI,ATL,W (+8),40:00,12,24,.500,0,3,.000,12,16,.750,3,6,9,3,7,0,7,36,28.0
39,1990-01-21,26-338,CHI,NYK,W (+8),41:00,10,17,.588,4,5,.800,18,20,.900,1,9,10,7,4,2,4,42,41.4
40,1990-01-23,26-340,CHI,DET,L (-12),45:00,11,31,.355,1,6,.167,9,11,.818,2,4,6,2,2,1,4,32,14.6
41,1990-01-26,26-343,CHI,PHI,L (-11),42:00,12,27,.444,0,2,.000,7,9,.778,2,3,5,11,2,0,1,31,25.9
42,1990-01-27,26-344,CHI,NJN,W (+3),35:00,15,25,.600,1,3,.333,8,8,1.000,2,5,7,4,4,0,3,39,33.0
43,1990-01-29,26-346,CHI,ATL,W (+10),30:00,7,14,.500,0,2,.000,2,3,.667,2,5,7,9,1,1,4,16,14.7
44,1990-02-01,26-349,CHI,HOU,L (-27),38:00,16,31,.516,0,2,.000,3,4,.750,2,4,6,5,2,0,3,35,24.4
45,1990-02-03,26-351,CHI,SAS,L (-1),46:00,17,32,.531,2,4,.500,8,8,1.000,3,0,3,5,2,0,3,44,31.8
46,1990-02-07,26-355,CHI,LAL,L (-18),40:00,12,21,.571,0,1,.000,8,12,.667,0,4,4,4,0,1,8,32,16.0
47,1990-02-08,26-356,CHI,DEN,L (-25),37:00,5,18,.278,1,2,.500,4,6,.667,0,1,1,8,1,1,4,15,6.4
48,1990-02-13,26-361,CHI,MIA,W (+12),40:00,8,16,.500,0,1,.000,10,11,.909,1,3,4,6,3,0,3,26,21.8
49,1990-02-14,26-362,CHI,ORL,L (-6),47:00,21,43,.488,0,2,.000,7,10,.700,1,6,7,2,0,1,0,49,30.3
50,1990-02-16,26-364,CHI,MIA,W (+14),31:00,10,14,.714,1,2,.500,5,6,.833,0,3,3,4,2,0,5,26,19.7
51,1990-02-18,27-001,CHI,MIL,W (+23),36:00,15,26,.577,0,2,.000,9,10,.900,1,2,3,4,2,1,0,39,31.6
52,1990-02-19,27-002,CHI,HOU,W (+5),42:00,11,25,.440,0,0,,8,9,.889,2,4,6,9,2,0,5,30,21.2
53,1990-02-23,27-006,CHI,POR,W (+11),35:00,12,25,.480,2,2,1.000,9,10,.900,2,8,10,10,1,0,6,35,26.1
54,1990-02-25,27-008,CHI,NJN,W (+1),44:00,12,24,.500,0,1,.000,8,9,.889,1,7,8,8,2,2,5,32,24.8
55,1990-02-27,27-010,CHI,MIL,W (+10),41:00,13,25,.520,0,1,.000,17,19,.895,2,4,6,6,3,0,3,43,35.1
56,1990-03-02,27-013,CHI,NJN,W (+21),31:00,8,12,.667,2,4,.500,5,6,.833,0,4,4,4,1,2,0,23,23.0
57,1990-03-04,27-015,CHI,BOS,W (+4),40:00,11,23,.478,1,1,1.000,13,15,.867,0,6,6,11,4,0,2,36,33.4
58,1990-03-06,27-017,CHI,MIL,W (+9),37:00,14,26,.538,2,4,.500,5,6,.833,2,6,8,6,4,0,2,35,29.4
59,1990-03-08,27-019,CHI,UTA,L (-4),47:00,12,29,.414,0,6,.000,19,22,.864,5,2,7,4,7,0,3,43,35.2
60,1990-03-10,27-021,CHI,IND,W (+12),39:00,17,27,.630,1,2,.500,10,10,1.000,2,5,7,3,5,1,2,45,39.6
61,1990-03-13,27-024,CHI,NYK,W (+3),42:00,11,19,.579,1,3,.333,11,12,.917,2,6,8,7,1,1,4,34,29.7
62,1990-03-16,27-027,CHI,DET,L (-25),41:00,8,17,.471,3,5,.600,1,3,.333,0,8,8,7,1,0,3,20,14.6
63,1990-03-17,27-028,CHI,PHI,W (+5),39:00,13,21,.619,3,6,.500,3,4,.750,2,6,8,10,2,1,2,32,32.2
64,1990-03-20,27-031,CHI,WSB,W (+25),39:00,8,19,.421,1,2,.500,4,4,1.000,3,5,8,5,2,2,3,21,17.6
65,1990-03-21,27-032,CHI,ATL,W (+10),38:00,10,20,.500,0,2,.000,7,9,.778,2,2,4,6,5,0,1,27,25.6
66,1990-03-23,27-034,CHI,CLE,W (+7),40:00,18,32,.563,0,3,.000,5,6,.833,2,4,6,5,5,1,3,41,33.8
67,1990-03-24,27-035,CHI,SAC,L (-3),39:00,16,28,.571,2,3,.667,9,10,.900,1,4,5,6,5,0,1,43,38.3
68,1990-03-26,27-037,CHI,PHO,W (+29),28:00,14,24,.583,0,1,.000,0,0,,4,8,12,5,6,0,2,28,29.5
69,1990-03-28,27-039,CHI,CLE,W (+4),50:00,23,37,.622,2,6,.333,21,23,.913,7,11,18,6,4,1,2,69,64.6
70,1990-03-30,27-041,CHI,NYK,W (+1),45:00,20,34,.588,1,3,.333,8,9,.889,1,11,12,4,5,2,2,49,42.8
71,1990-04-01,27-043,CHI,MIA,W (+8),41:00,20,29,.690,1,2,.500,6,9,.667,2,4,6,7,3,3,5,47,40.3
72,1990-04-03,27-045,CHI,IND,W (+7),44:00,8,19,.421,1,4,.250,12,12,1.000,1,3,4,10,0,2,0,29,27.3
73,1990-04-05,27-047,CHI,ORL,W (+7),39:00,14,23,.609,2,6,.333,8,10,.800,1,6,7,3,4,1,2,38,33.2
74,1990-04-07,27-049,CHI,DAL,W (+1),40:00,15,26,.577,3,5,.600,10,13,.769,2,1,3,4,2,1,0,43,35.6
75,1990-04-11,27-053,CHI,CLE,W (+21),31:00,9,15,.600,1,4,.250,3,4,.750,1,4,5,7,3,1,2,22,21.2
76,1990-04-13,27-055,CHI,MIL,W (+10),39:00,10,16,.625,1,4,.250,5,6,.833,1,5,6,10,8,2,4,26,31.8
77,1990-04-14,27-056,CHI,WSB,L (-10),37:00,10,21,.476,1,2,.500,0,1,.000,1,2,3,5,1,0,2,21,12.1
78,1990-04-16,27-058,CHI,IND,L (-9),45:00,11,24,.458,0,2,.000,1,2,.500,3,4,7,6,4,0,6,23,13.7
79,1990-04-17,27-059,CHI,BOS,W (+6),36:00,13,24,.542,2,3,.667,7,8,.875,1,10,11,6,2,1,6,35,26.4
80,1990-04-19,27-061,CHI,WSB,W (+3),36:00,12,26,.462,2,5,.400,6,6,1.000,3,3,6,7,5,1,3,32,27.6
81,1990-04-20,27-062,CHI,BOS,L (-4),35:00,21,29,.724,0,2,.000,3,3,1.000,1,7,8,9,3,0,3,45,40.2
82,1990-04-22,27-064,CHI,DET,L (-5),37:00,10,23,.435,1,3,.333,1,2,.500,3,7,10,4,2,0,2,22,15.3
1,1990-11-02,27-258,CHI,PHI,L (-8),34:00,14,24,.583,1,3,.333,5,5,1.000,3,2,5,7,7,0,5,34,30.8
2,1990-11-03,27-259,CHI,WSB,L (-1),46:00,11,22,.500,0,0,,6,9,.667,4,6,10,1,1,0,2,28,19.3
3,1990-11-06,27-262,CHI,BOS,L (-2),45:00,14,28,.500,0,1,.000,5,6,.833,3,5,8,12,3,0,2,33,30.0
4,1990-11-07,27-263,CHI,MIN,W (+5),39:00,7,14,.500,0,0,,3,5,.600,2,3,5,6,0,1,1,17,13.4
5,1990-11-09,27-265,CHI,BOS,W (+20),34:00,17,25,.680,0,1,.000,7,8,.875,1,4,5,6,2,0,3,41,33.8
6,1990-11-10,27-266,CHI,CHH,W (+19),36:00,8,15,.533,0,0,,7,8,.875,1,5,6,8,3,0,3,23,22.7
7,1990-11-13,27-269,CHI,UTA,W (+2),38:00,10,22,.455,1,1,1.000,8,10,.800,3,8,11,5,1,2,1,29,25.8
8,1990-11-15,27-271,CHI,GSW,L (-10),38:00,6,12,.500,0,1,.000,2,3,.667,2,6,8,6,1,1,2,14,13.1
9,1990-11-17,27-273,CHI,SEA,W (+21),27:00,13,20,.650,0,0,,7,8,.875,1,3,4,3,7,1,1,33,34.2
10,1990-11-18,27-274,CHI,POR,L (-13),41:00,12,25,.480,0,2,.000,5,6,.833,0,5,5,7,1,1,2,29,20.4
11,1990-11-21,27-277,CHI,PHO,L (-2),40:00,15,32,.469,0,0,,4,4,1.000,0,4,4,4,4,0,3,34,22.2
12,1990-11-23,27-279,CHI,LAC,W (+8),31:00,5,12,.417,0,0,,4,4,1.000,3,3,6,7,3,0,2,14,15.3
13,1990-11-24,27-280,CHI,DEN,W (+6),40:00,14,24,.583,0,0,,10,10,1.000,1,6,7,12,3,1,3,38,37.2
14,1990-11-28,27-284,CHI,WSB,W (+24),27:00,11,15,.733,0,0,,2,3,.667,0,2,2,7,3,1,1,24,24.9
15,1990-11-30,27-286,CHI,IND,W (+29),33:00,15,19,.789,0,0,,7,9,.778,1,4,5,3,2,2,1,37,33.7
16,1990-12-01,27-287,CHI,CLE,W (+35),30:00,13,18,.722,1,1,1.000,5,6,.833,0,2,2,4,2,0,1,32,27.8
17,1990-12-04,27-290,CHI,PHO,W (+28),35:00,12,22,.545,0,0,,3,3,1.000,1,3,4,7,0,1,2,27,19.6
18,1990-12-07,27-293,CHI,NYK,W (+10),39:00,14,25,.560,0,2,.000,5,7,.714,4,3,7,9,8,1,2,33,35.8
19,1990-12-08,27-294,CHI,POR,L (-8),40:00,16,28,.571,0,2,.000,3,4,.750,0,6,6,3,2,2,5,35,22.5
20,1990-12-11,27-297,CHI,MIL,L (-12),39:00,13,23,.565,0,0,,5,7,.714,0,4,4,5,3,1,4,31,22.9
21,1990-12-14,27-300,CHI,LAC,W (+40),30:00,8,15,.533,0,0,,4,6,.667,2,6,8,8,1,2,3,20,18.9
22,1990-12-15,27-301,CHI,CLE,W (+18),27:00,11,17,.647,0,0,,2,2,1.000,5,4,9,6,5,3,2,24,30.1
23,1990-12-18,27-304,CHI,MIA,W (+9),36:00,14,22,.636,0,0,,11,12,.917,3,6,9,6,6,2,2,39,41.5
24,1990-12-19,27-305,CHI,DET,L (-21),37:00,13,22,.591,0,1,.000,7,7,1.000,3,2,5,6,1,0,1,33,28.9
25,1990-12-21,27-307,CHI,LAL,W (+11),44:00,14,30,.467,0,2,.000,5,6,.833,8,7,15,9,2,1,1,33,31.7
26,1990-12-22,27-308,CHI,IND,W (+10),34:00,10,20,.500,0,0,,9,12,.750,2,5,7,5,0,2,2,29,22.0
27,1990-12-25,27-311,CHI,DET,W (+12),43:00,14,23,.609,1,1,1.000,8,10,.800,3,5,8,3,3,2,3,37,30.8
28,1990-12-27,27-313,CHI,GSW,W (+15),34:00,17,25,.680,1,2,.500,7,7,1.000,1,13,14,7,3,1,1,42,42.3
29,1990-12-29,27-315,CHI,SEA,W (+25),37:00,10,24,.417,0,2,.000,11,11,1.000,3,7,10,4,4,0,2,31,26.4
30,1991-01-03,27-320,CHI,HOU,L (-22),33:00,13,22,.591,0,0,,6,7,.857,0,3,3,7,3,1,4,32,26.1
31,1991-01-05,27-322,CHI,CLE,W (+16),37:00,12,26,.462,0,0,,6,7,.857,1,2,3,4,4,3,3,30,21.8
32,1991-01-08,27-325,CHI,NJN,W (+9),32:00,18,28,.643,1,1,1.000,4,5,.800,2,4,6,4,2,2,1,41,35.6
33,1991-01-09,27-326,CHI,PHI,W (+8),41:00,16,27,.593,0,1,.000,8,11,.727,0,4,4,9,0,1,1,40,32.3
34,1991-01-11,27-328,CHI,ATL,W (+3),42:00,12,23,.522,0,1,.000,7,7,1.000,0,6,6,6,2,1,5,31,21.8
35,1991-01-12,27-329,CHI,CHH,W (+11),38:00,11,21,.524,0,0,,11,13,.846,3,0,3,3,2,0,5,33,21.5
36,1991-01-14,27-331,CHI,MIL,W (+13),45:00,13,27,.481,1,3,.333,7,7,1.000,1,9,10,9,3,2,2,34,30.4
37,1991-01-16,27-333,CHI,ORL,W (+11),38:00,11,27,.407,0,0,,7,8,.875,0,4,4,4,3,1,2,29,17.8
38,1991-01-18,27-335,CHI,ATL,L (-9),41:00,13,28,.464,0,1,.000,4,4,1.000,0,7,7,8,3,0,4,30,21.5
39,1991-01-21,27-338,CHI,MIA,W (+11),39:00,17,28,.607,0,2,.000,3,5,.600,1,5,6,5,3,1,3,37,29.4
40,1991-01-23,27-340,CHI,NJN,L (-4),41:00,9,23,.391,1,1,1.000,16,19,.842,4,2,6,5,4,0,2,35,28.6
41,1991-01-25,27-342,CHI,MIA,W (+21),28:00,10,14,.714,3,3,1.000,3,4,.750,0,3,3,2,6,0,3,26,24.3
42,1991-01-31,27-348,CHI,SAS,L (-4),39:00,9,22,.409,1,1,1.000,17,18,.944,0,3,3,3,3,0,3,36,24.4
43,1991-02-01,27-349,CHI,DAL,W (+11),38:00,10,18,.556,0,0,,11,16,.688,1,5,6,8,2,0,2,31,28.2
44,1991-02-03,27-351,CHI,LAL,L (-13),40:00,10,22,.455,0,0,,3,3,1.000,1,6,7,9,6,1,2,23,24.7
45,1991-02-04,27-352,CHI,SAC,W (+11),33:00,7,14,.500,0,0,,10,11,.909,1,1,2,5,2,0,3,24,18.5
46,1991-02-07,27-355,CHI,DET,W (+2),41:00,10,21,.476,0,2,.000,10,12,.833,1,8,9,3,0,2,2,30,22.7
47,1991-02-12,27-360,CHI,ATL,W (+9),37:00,12,22,.545,1,2,.500,7,9,.778,0,4,4,7,2,2,3,32,26.3
48,1991-02-14,27-362,CHI,NYK,W (+10),36:00,13,20,.650,1,2,.500,2,2,1.000,0,2,2,3,2,3,0,29,26.2
49,1991-02-16,27-364,CHI,NJN,W (+12),39:00,11,26,.423,1,1,1.000,3,4,.750,2,9,11,7,3,0,7,26,16.8
50,1991-02-18,28-001,CHI,CLE,W (+15),38:00,11,24,.458,0,1,.000,10,11,.909,1,5,6,5,5,2,3,32,27.1
51,1991-02-19,28-002,CHI,WSB,W (+5),38:00,15,27,.556,0,1,.000,10,10,1.000,3,9,12,4,1,0,2,40,32.1
52,1991-02-22,28-005,CHI,SAC,W (+47),28:00,11,17,.647,1,1,1.000,11,11,1.000,1,2,3,4,6,0,0,34,35.8
53,1991-02-23,28-006,CHI,CHH,W (+21),35:00,12,22,.545,1,3,.333,4,5,.800,0,3,3,3,3,2,0,29,24.6
54,1991-02-26,28-009,CHI,BOS,W (+30),35:00,17,29,.586,1,1,1.000,4,8,.500,2,6,8,4,5,3,0,39,36.6
55,1991-03-01,28-012,CHI,DAL,W (+23),35:00,11,20,.550,1,1,1.000,6,6,1.000,1,10,11,8,2,0,5,29,24.9
56,1991-03-02,28-013,CHI,IND,L (-21),38:00,8,23,.348,0,1,.000,6,6,1.000,0,5,5,2,6,0,3,22,13.4
57,1991-03-05,28-016,CHI,MIL,W (+18),37:00,9,23,.391,0,0,,12,13,.923,2,7,9,2,2,1,5,30,18.5
58,1991-03-08,28-019,CHI,UTA,W (+10),39:00,14,29,.483,0,0,,9,10,.900,1,4,5,2,3,0,1,37,26.0
59,1991-03-10,28-021,CHI,ATL,W (+35),30:00,10,13,.769,1,1,1.000,4,4,1.000,2,7,9,9,1,1,6,25,23.8
60,1991-03-12,28-023,CHI,MIN,W (+32),29:00,7,15,.467,1,5,.200,5,5,1.000,2,3,5,10,1,0,1,20,20.8
61,1991-03-13,28-024,CHI,MIL,W (+1),41:00,15,26,.577,0,1,.000,9,14,.643,1,7,8,4,3,2,1,39,32.2
62,1991-03-15,28-026,CHI,CHH,W (+13),40:00,12,21,.571,0,1,.000,10,12,.833,1,4,5,8,2,1,4,34,28.3
63,1991-03-16,28-027,CHI,CLE,W (+4),38:00,14,25,.560,0,2,.000,9,10,.900,0,3,3,3,5,0,2,37,29.5
64,1991-03-18,28-029,CHI,DEN,W (+13),29:00,11,19,.579,2,3,.667,7,7,1.000,0,6,6,2,0,1,3,31,22.2
65,1991-03-20,28-031,CHI,ATL,W (+22),30:00,9,14,.643,2,2,1.000,2,3,.667,0,5,5,11,0,1,3,22,21.1
66,1991-03-22,28-033,CHI,PHI,L (-5),40:00,8,23,.348,0,2,.000,4,5,.800,1,4,5,5,2,1,4,20,8.8
67,1991-03-23,28-034,CHI,IND,W (+14),40:00,15,25,.600,0,1,.000,9,9,1.000,0,2,2,5,3,2,2,39,32.4
68,1991-03-25,28-036,CHI,HOU,L (-10),37:00,15,25,.600,0,2,.000,4,7,.571,5,2,7,4,3,3,0,34,32.1
69,1991-03-28,28-039,CHI,NJN,W (+34),30:00,16,26,.615,0,0,,10,11,.909,1,0,1,4,0,2,3,42,30.1
70,1991-03-29,28-040,CHI,WSB,W (+18),35:00,7,17,.412,1,2,.500,5,5,1.000,0,5,5,5,2,1,1,20,16.8
71,1991-03-31,28-042,CHI,BOS,L (-3),51:00,12,36,.333,0,3,.000,13,13,1.000,3,4,7,9,2,0,4,37,23.0
72,1991-04-02,28-044,CHI,ORL,W (+4),41:00,17,26,.654,0,0,,10,12,.833,0,4,4,6,5,2,4,44,38.8
73,1991-04-04,28-046,CHI,NYK,W (+10),35:00,15,30,.500,0,1,.000,4,5,.800,2,6,8,4,3,0,2,34,25.2
74,1991-04-05,28-047,CHI,SAS,L (-3),36:00,13,26,.500,1,4,.250,12,14,.857,0,5,5,9,5,2,5,39,32.8
75,1991-04-07,28-049,CHI,PHI,L (-3),48:00,16,27,.593,0,0,,9,14,.643,1,3,4,5,4,2,0,41,36.2
76,1991-04-09,28-051,CHI,NYK,W (+2),37:00,10,18,.556,1,3,.333,7,8,.875,0,6,6,8,1,0,0,28,27.4
77,1991-04-10,28-052,CHI,IND,W (+5),41:00,12,21,.571,0,0,,4,6,.667,0,5,5,4,0,1,2,28,19.1
78,1991-04-12,28-054,CHI,DET,L (-4),43:00,13,24,.542,1,2,.500,13,15,.867,3,5,8,4,0,1,3,40,29.7
79,1991-04-15,28-057,CHI,MIL,W (+9),39:00,17,27,.630,0,1,.000,12,14,.857,0,5,5,2,3,2,5,46,34.2
80,1991-04-17,28-059,CHI,MIA,W (+10),40:00,9,20,.450,0,2,.000,8,9,.889,2,3,5,5,3,0,2,26,21.2
81,1991-04-19,28-061,CHI,CHH,W (+16),39:00,15,22,.682,0,1,.000,11,13,.846,3,2,5,5,4,2,4,41,36.4
82,1991-04-21,28-063,CHI,DET,W (+8),30:00,6,15,.400,0,2,.000,6,6,1.000,2,1,3,1,2,0,2,18,11.5
1,1991-11-01,28-257,CHI,PHI,W (+20),30:00,11,18,.611,0,3,.000,4,6,.667,1,4,5,4,3,1,2,26,22.6
2,1991-11-02,28-258,CHI,MIL,L (-2),42:00,19,29,.655,1,2,.500,7,7,1.000,0,3,3,3,5,1,4,46,37.6
3,1991-11-05,28-261,CHI,GSW,L (-8),46:00,17,22,.773,1,2,.500,5,8,.625,2,5,7,4,1,1,5,40,30.6
4,1991-11-06,28-262,CHI,BOS,W (+19),38:00,16,26,.615,3,4,.750,9,9,1.000,0,3,3,6,1,1,2,44,36.2
5,1991-11-08,28-264,CHI,DAL,W (+16),36:00,10,15,.667,0,0,,6,8,.750,1,6,7,5,4,0,0,26,28.3
6,1991-11-09,28-265,CHI,ORL,W (+31),35:00,13,26,.500,0,3,.000,1,1,1.000,2,3,5,9,3,1,1,27,24.5
7,1991-11-12,28-268,CHI,DET,W (+17),29:00,8,14,.571,0,1,.000,4,5,.800,0,3,3,4,3,0,0,20,18.1
8,1991-11-13,28-269,CHI,CHH,W (+22),33:00,11,19,.579,1,3,.333,12,12,1.000,1,5,6,5,3,3,2,35,34.5
9,1991-11-15,28-271,CHI,MIL,W (+13),37:00,5,10,.500,0,0,,7,8,.875,2,5,7,11,1,0,3,17,19.4
10,1991-11-20,28-276,CHI,GSW,W (+4),45:00,12,25,.480,0,0,,11,13,.846,1,8,9,7,3,1,3,35,29.0
11,1991-11-22,28-278,CHI,SEA,W (+3),45:00,11,26,.423,0,1,.000,9,10,.900,1,5,6,4,2,0,1,31,20.4
12,1991-11-23,28-279,CHI,DEN,W (+7),41:00,15,28,.536,0,1,.000,7,7,1.000,0,6,6,3,0,1,2,37,24.0
13,1991-11-26,28-282,CHI,LAC,W (+37),33:00,11,19,.579,0,2,.000,1,2,.500,1,9,10,5,1,0,6,23,14.4
14,1991-11-29,28-285,CHI,POR,W (+2),51:00,16,39,.410,0,1,.000,8,10,.800,3,5,8,7,3,1,3,40,25.9
15,1991-11-30,28-286,CHI,SAC,W (+16),39:00,13,21,.619,0,2,.000,4,9,.444,0,6,6,8,0,1,2,30,23.0
16,1991-12-04,28-290,CHI,CLE,W (+6),41:00,7,20,.350,0,1,.000,2,2,1.000,1,8,9,9,3,0,7,16,8.6
17,1991-12-06,28-292,CHI,CHH,W (+18),34:00,8,19,.421,1,2,.500,2,4,.500,1,10,11,10,1,0,1,19,17.6
18,1991-12-07,28-293,CHI,PHI,L (-3),41:00,12,25,.480,0,1,.000,8,10,.800,3,11,14,9,3,1,4,32,29.1
19,1991-12-10,28-296,CHI,SEA,W (+5),39:00,7,20,.350,0,1,.000,5,8,.625,3,8,11,1,0,1,1,19,10.3
20,1991-12-13,28-299,CHI,NYK,W (+10),43:00,9,18,.500,0,2,.000,9,12,.750,1,7,8,6,4,0,3,27,24.0
21,1991-12-14,28-300,CHI,WSB,W (+13),33:00,12,19,.632,0,1,.000,5,8,.625,3,6,9,1,2,3,1,29,25.8
22,1991-12-17,28-303,CHI,LAL,L (-13),38:00,6,20,.300,0,3,.000,9,10,.900,0,4,4,7,3,3,0,21,19.0
23,1991-12-20,28-306,CHI,NJN,W (+17),30:00,8,18,.444,0,0,,8,8,1.000,1,4,5,4,1,2,0,24,21.7
24,1991-12-21,28-307,CHI,ATL,W (+14),43:00,16,24,.667,2,2,1.000,3,3,1.000,1,8,9,10,4,1,3,37,37.6
25,1991-12-25,28-311,CHI,BOS,W (+22),35:00,6,14,.429,0,1,.000,2,2,1.000,1,7,8,5,2,3,2,14,14.2
26,1991-12-26,28-312,CHI,ATL,W (+11),44:00,15,31,.484,1,2,.500,3,4,.750,1,2,3,6,2,3,4,34,23.1
27,1991-12-28,28-314,CHI,SAC,W (+9),36:00,11,20,.550,0,1,.000,11,12,.917,0,2,2,8,3,3,6,33,26.3
28,1991-12-30,28-316,CHI,IND,W (+5),44:00,10,19,.526,0,1,.000,9,11,.818,2,4,6,7,3,2,4,29,25.2
29,1992-01-03,28-320,CHI,MIL,L (-5),40:00,19,29,.655,0,2,.000,6,8,.750,2,4,6,7,1,0,1,44,36.4
30,1992-01-04,28-321,CHI,NJN,W (+44),32:00,12,20,.600,0,0,,3,4,.750,2,3,5,1,1,2,0,27,22.4
31,1992-01-07,28-324,CHI,WSB,W (+13),37:00,7,15,.467,1,1,1.000,6,6,1.000,0,5,5,9,4,1,3,21,21.6
32,1992-01-08,28-325,CHI,MIA,W (+2),47:00,17,27,.630,0,0,,6,9,.667,0,6,6,8,1,2,4,40,31.3
33,1992-01-10,28-327,CHI,UTA,W (+15),37:00,15,25,.600,1,2,.500,6,6,1.000,1,4,5,4,1,1,2,37,28.7
34,1992-01-11,28-328,CHI,MIA,W (+9),39:00,10,19,.526,0,0,,10,10,1.000,0,6,6,7,1,1,1,30,26.5
35,1992-01-14,28-331,CHI,PHI,W (+23),33:00,11,20,.550,0,1,.000,4,4,1.000,0,5,5,4,5,2,2,26,25.1
36,1992-01-16,28-333,CHI,CLE,W (+15),39:00,15,26,.577,0,2,.000,5,6,.833,0,4,4,8,2,1,2,35,28.3
37,1992-01-17,28-334,CHI,SAS,W (+6),38:00,10,23,.435,1,1,1.000,10,10,1.000,0,4,4,8,1,0,1,31,24.5
38,1992-01-19,28-336,CHI,DET,W (+2),45:00,12,27,.444,0,2,.000,10,14,.714,0,6,6,6,2,0,3,34,22.1
39,1992-01-21,28-338,CHI,PHO,W (+6),41:00,13,23,.565,0,0,,4,5,.800,2,3,5,7,5,1,4,30,26.4
40,1992-01-22,28-339,CHI,CHH,W (+3),43:00,7,18,.389,1,2,.500,8,8,1.000,2,4,6,4,2,2,5,23,16.2
41,1992-01-24,28-341,CHI,DET,W (+24),30:00,9,14,.643,0,0,,2,2,1.000,1,1,2,5,0,2,2,20,17.7
42,1992-01-25,28-342,CHI,HOU,W (+14),41:00,12,27,.444,3,3,1.000,8,10,.800,0,3,3,5,4,1,4,35,24.4
43,1992-01-28,28-345,CHI,SAS,L (-5),44:00,15,31,.484,0,1,.000,9,11,.818,0,9,9,7,4,0,3,39,29.9
44,1992-01-30,28-347,CHI,HOU,L (-3),43:00,9,26,.346,0,1,.000,4,4,1.000,2,3,5,5,3,0,1,22,14.0
45,1992-01-31,28-348,CHI,DAL,W (+15),37:00,10,17,.588,0,1,.000,5,6,.833,2,8,10,9,1,0,1,25,25.6
46,1992-02-02,28-350,CHI,LAL,W (+6),44:00,13,27,.481,1,1,1.000,6,8,.750,0,8,8,11,2,0,5,33,24.0
47,1992-02-03,28-351,CHI,UTA,L (-3),56:00,13,34,.382,1,1,1.000,7,9,.778,2,11,13,8,2,1,2,34,23.6
48,1992-02-11,28-359,CHI,NJN,W (+20),34:00,13,23,.565,0,0,,8,9,.889,1,5,6,7,4,2,3,34,31.4
49,1992-02-13,28-361,CHI,NYK,W (+21),35:00,4,15,.267,0,0,,9,11,.818,0,2,2,5,1,0,1,17,11.0
50,1992-02-15,28-363,CHI,NYK,W (+1),42:00,9,24,.375,0,0,,11,12,.917,1,4,5,2,2,2,3,29,17.9
51,1992-02-17,29-000,CHI,CLE,L (-1),43:00,21,32,.656,0,1,.000,4,5,.800,1,3,4,6,0,0,3,46,34.0
52,1992-02-19,29-002,CHI,ORL,W (+13),38:00,11,23,.478,0,1,.000,5,7,.714,5,5,10,8,2,0,3,27,23.7
53,1992-02-21,29-004,CHI,ATL,W (+15),46:00,14,23,.609,0,0,,5,6,.833,1,9,10,14,4,0,4,33,34.5
54,1992-02-22,29-005,CHI,MIN,W (+15),35:00,13,27,.481,0,3,.000,4,6,.667,2,4,6,8,1,2,1,30,24.3
55,1992-02-25,29-008,CHI,DET,L (-2),42:00,11,22,.500,0,0,,1,3,.333,1,3,4,6,4,1,1,23,19.9
56,1992-02-26,29-009,CHI,WSB,W (+19),27:00,10,17,.588,1,3,.333,5,6,.833,2,2,4,1,2,0,0,26,22.4
57,1992-02-28,29-011,CHI,MIL,W (+4),41:00,8,18,.444,0,0,,8,10,.800,1,5,6,6,2,2,2,24,20.8
58,1992-03-01,29-013,CHI,POR,W (+20),36:00,10,23,.435,0,2,.000,11,12,.917,0,9,9,7,3,0,5,31,22.9
59,1992-03-03,29-015,CHI,IND,L (-2),39:00,12,21,.571,0,0,,3,5,.600,2,5,7,5,0,1,2,27,20.2
60,1992-03-05,29-017,CHI,MIN,W (+13),39:00,14,26,.538,0,0,,5,5,1.000,1,4,5,5,1,1,1,33,25.3
61,1992-03-06,29-018,CHI,MIA,W (+42),28:00,12,20,.600,0,1,.000,3,3,1.000,0,6,6,2,2,1,2,27,20.9
62,1992-03-08,29-020,CHI,PHI,W (+4),43:00,12,26,.462,0,1,.000,10,13,.769,3,8,11,8,1,0,1,34,28.3
63,1992-03-11,29-023,CHI,BOS,W (+34),35:00,14,23,.609,0,0,,4,4,1.000,0,13,13,3,0,2,4,32,24.1
64,1992-03-14,29-026,CHI,ORL,W (+16),38:00,11,22,.500,0,1,.000,4,4,1.000,1,9,10,9,5,0,3,26,26.3
65,1992-03-16,29-028,CHI,MIA,W (+16),39:00,15,27,.556,0,2,.000,7,7,1.000,2,7,9,13,0,1,3,37,34.0
66,1992-03-17,29-029,CHI,NJN,W (+11),45:00,16,32,.500,0,0,,8,12,.667,4,6,10,4,2,2,1,40,31.0
67,1992-03-19,29-031,CHI,WSB,W (+6),43:00,19,30,.633,1,1,1.000,12,15,.800,2,9,11,3,1,1,0,51,43.1
68,1992-03-21,29-033,CHI,ORL,L (-3),38:00,10,22,.455,0,0,,5,7,.714,6,9,15,4,2,1,3,25,21.8
69,1992-03-24,29-036,CHI,DEN,W (+13),41:00,18,31,.581,2,3,.667,12,13,.923,0,6,6,6,3,0,3,50,41.1
70,1992-03-28,29-040,CHI,CLE,W (+24),37:00,21,32,.656,0,1,.000,2,2,1.000,0,4,4,6,3,0,1,44,36.6
71,1992-03-31,29-043,CHI,NYK,W (+6),40:00,13,23,.565,0,1,.000,10,12,.833,3,1,4,3,3,1,3,36,29.1
72,1992-04-01,29-044,CHI,CHH,W (+6),39:00,11,22,.500,1,3,.333,8,10,.800,1,1,2,5,3,0,2,31,23.9
73,1992-04-03,29-046,CHI,LAC,W (+11),42:00,5,17,.294,0,2,.000,5,6,.833,0,6,6,7,2,0,5,15,6.8
74,1992-04-05,29-048,CHI,BOS,L (-11),40:00,12,28,.429,0,3,.000,2,2,1.000,0,2,2,2,3,0,3,26,11.6
75,1992-04-07,29-050,CHI,MIL,W (+15),37:00,12,22,.545,2,5,.400,4,4,1.000,0,5,5,7,6,1,3,30,28.3
76,1992-04-10,29-053,CHI,IND,W (+12),42:00,16,30,.533,1,1,1.000,2,4,.500,0,4,4,6,4,0,1,35,26.8
77,1992-04-11,29-054,CHI,IND,W (+2),37:00,8,20,.400,0,0,,7,7,1.000,1,4,5,8,5,1,1,23,23.6
78,1992-04-13,29-056,CHI,ATL,W (+7),23:00,6,12,.500,0,1,.000,0,0,,0,1,1,7,3,1,2,12,12.5
79,1992-04-17,29-060,CHI,ATL,W (+26),32:00,9,16,.563,0,0,,3,4,.750,1,3,4,8,0,0,5,21,13.6
80,1992-04-19,29-062,CHI,DET,W (+18),39:00,9,17,.529,0,0,,14,15,.933,0,2,2,7,2,1,7,32,23.7
1,1992-11-06,29-263,CHI,CLE,W (+5),37:00,12,26,.462,0,2,.000,5,6,.833,3,3,6,2,3,3,2,29,22.3
2,1992-11-07,29-264,CHI,ATL,L (-1),39:00,13,29,.448,1,4,.250,8,9,.889,0,4,4,11,4,0,6,35,24.8
3,1992-11-09,29-266,CHI,IND,W (+5),42:00,10,20,.500,0,1,.000,4,5,.800,0,2,2,12,2,0,4,24,20.2
4,1992-11-11,29-268,CHI,DET,W (+2),52:00,13,24,.542,3,3,1.000,8,10,.800,2,8,10,4,0,1,5,37,26.5
5,1992-11-13,29-270,CHI,MIL,W (+5),42:00,14,31,.452,0,2,.000,6,8,.750,3,3,6,4,3,2,5,34,21.5
6,1992-11-14,29-271,CHI,DEN,W (+33),22:00,7,13,.538,2,5,.400,2,2,1.000,0,4,4,7,3,1,2,18,19.1
7,1992-11-17,29-274,CHI,MIN,W (+21),31:00,14,21,.667,2,2,1.000,2,3,.667,1,2,3,5,4,1,3,32,28.6
8,1992-11-19,29-276,CHI,SEA,W (+9),34:00,14,22,.636,2,4,.500,5,5,1.000,1,5,6,2,2,0,2,35,28.4
9,1992-11-20,29-277,CHI,LAL,L (-2),47:00,21,39,.538,1,2,.500,11,14,.786,5,8,13,7,1,3,5,54,41.2
10,1992-11-22,29-279,CHI,PHO,W (+17),39:00,16,27,.593,0,2,.000,8,8,1.000,0,3,3,7,3,4,1,40,37.7
11,1992-11-24,29-281,CHI,GSW,W (+9),44:00,18,30,.600,1,3,.333,12,14,.857,2,3,5,7,1,1,3,49,39.5
12,1992-11-28,29-285,CHI,NYK,L (-37),38:00,4,20,.200,0,1,.000,9,9,1.000,3,3,6,4,1,0,0,17,10.6
13,1992-12-04,29-291,CHI,POR,W (+12),38:00,15,25,.600,1,1,1.000,7,9,.778,4,9,13,2,1,0,1,38,32.2
14,1992-12-05,29-292,CHI,BOS,W (+7),37:00,8,20,.400,0,1,.000,8,9,.889,0,3,3,5,2,0,2,24,16.4
15,1992-12-08,29-295,CHI,ATL,L (-9),46:00,14,28,.500,2,4,.500,2,2,1.000,3,9,12,8,1,0,2,32,25.4
16,1992-12-09,29-296,CHI,CLE,W (+17),35:00,10,22,.455,1,3,.333,7,7,1.000,2,9,11,10,4,2,3,28,29.3
17,1992-12-11,29-298,CHI,HOU,L (-14),40:00,11,23,.478,1,3,.333,3,3,1.000,4,7,11,4,0,1,4,26,17.1
18,1992-12-12,29-299,CHI,NJN,W (+6),41:00,13,26,.500,3,6,.500,9,12,.750,0,6,6,3,1,1,2,38,26.6
19,1992-12-15,29-302,CHI,CHH,W (+15),33:00,11,21,.524,3,3,1.000,0,0,,1,3,4,6,3,2,5,25,19.5
20,1992-12-17,29-304,CHI,WSB,W (+8),40:00,12,29,.414,0,1,.000,4,4,1.000,1,6,7,8,4,2,1,28,23.8
21,1992-12-19,29-306,CHI,PHI,L (-2),42:00,11,26,.423,1,4,.250,0,0,,4,6,10,10,4,1,1,23,22.9
22,1992-12-21,29-308,CHI,MIA,W (+4),43:00,6,19,.316,1,3,.333,5,6,.833,3,5,8,3,5,2,2,18,16.0
23,1992-12-23,29-310,CHI,WSB,W (+9),42:00,22,37,.595,6,8,.750,7,8,.875,0,2,2,10,3,1,1,57,48.6
24,1992-12-25,29-312,CHI,NYK,W (+12),41:00,15,34,.441,0,4,.000,12,16,.750,0,8,8,5,3,1,4,42,27.4
25,1992-12-26,29-313,CHI,IND,W (+11),40:00,8,22,.364,1,3,.333,0,0,,3,6,9,8,1,0,2,17,11.3
26,1992-12-29,29-316,CHI,CHH,W (+11),42:00,9,25,.360,1,3,.333,9,10,.900,4,8,12,11,0,1,3,28,23.9
27,1992-12-30,29-317,CHI,MIA,W (+5),40:00,9,18,.500,0,1,.000,21,24,.875,1,5,6,8,3,2,1,39,39.2
28,1993-01-02,29-320,CHI,IND,W (+9),40:00,14,27,.519,2,4,.500,9,11,.818,3,5,8,5,1,0,2,39,29.8
29,1993-01-05,29-323,CHI,LAL,L (-3),41:00,15,31,.484,1,6,.167,5,6,.833,0,4,4,5,2,1,1,36,24.7
30,1993-01-06,29-324,CHI,CLE,L (-22),34:00,10,22,.455,0,1,.000,3,5,.600,2,6,8,3,1,0,2,23,14.7
31,1993-01-08,29-326,CHI,MIL,W (+25),35:00,15,26,.577,2,5,.400,3,3,1.000,3,5,8,7,4,0,2,35,32.5
32,1993-01-09,29-327,CHI,PHI,L (-13),44:00,13,36,.361,0,4,.000,4,4,1.000,2,9,11,6,2,0,3,30,15.3
33,1993-01-12,29-330,CHI,ORL,W (+16),37:00,9,22,.409,0,1,.000,5,6,.833,2,6,8,4,3,3,3,23,18.9
34,1993-01-15,29-333,CHI,GSW,W (+21),38:00,10,19,.526,1,2,.500,5,5,1.000,2,10,12,10,5,2,2,26,32.1
35,1993-01-16,29-334,CHI,ORL,L (-4),47:00,27,49,.551,1,5,.200,9,11,.818,4,2,6,1,5,0,2,64,44.8
36,1993-01-18,29-336,CHI,BOS,W (+10),30:00,10,22,.455,0,1,.000,9,10,.900,4,4,8,3,4,1,2,29,25.6
37,1993-01-21,29-339,CHI,NJN,W (+13),39:00,12,24,.500,2,4,.500,4,4,1.000,1,2,3,4,4,0,3,30,22.3
38,1993-01-22,29-340,CHI,CHH,L (-8),43:00,10,26,.385,0,2,.000,8,11,.727,2,4,6,2,3,1,1,28,17.7
39,1993-01-24,29-342,CHI,SAS,L (-4),44:00,16,35,.457,0,2,.000,10,11,.909,5,6,11,3,4,2,4,42,31.1
40,1993-01-26,29-344,CHI,DAL,W (+35),27:00,7,15,.467,1,4,.250,0,0,,2,8,10,4,3,0,3,15,12.7
41,1993-01-28,29-346,CHI,HOU,L (-11),39:00,12,27,.444,1,1,1.000,1,2,.500,0,6,6,4,5,0,3,26,17.3
42,1993-01-30,29-348,CHI,DEN,L (-7),41:00,14,31,.452,0,2,.000,11,15,.733,3,4,7,5,4,1,3,39,29.0
43,1993-02-01,29-350,CHI,UTA,W (+4),43:00,13,28,.464,1,3,.333,10,14,.714,3,4,7,2,1,1,4,37,23.4
44,1993-02-03,29-352,CHI,SAC,W (+19),39:00,14,26,.538,2,2,1.000,6,7,.857,0,3,3,2,2,2,3,36,23.7
45,1993-02-04,29-353,CHI,LAC,W (+2),47:00,13,34,.382,0,3,.000,7,7,1.000,2,4,6,4,2,1,3,33,17.5
46,1993-02-07,29-356,CHI,POR,W (+10),43:00,13,28,.464,4,7,.571,4,6,.667,3,8,11,5,2,2,1,34,28.8
47,1993-02-10,29-359,CHI,IND,W (+11),42:00,16,27,.593,1,3,.333,7,9,.778,1,8,9,8,6,0,3,40,37.6
48,1993-02-13,29-362,CHI,CLE,L (-5),43:00,12,22,.545,0,3,.000,1,2,.500,1,5,6,5,3,1,3,25,19.6
49,1993-02-15,29-364,CHI,SAC,W (+18),37:00,12,21,.571,0,2,.000,8,10,.800,3,5,8,6,3,1,3,32,28.6
50,1993-02-17,30-000,CHI,UTA,W (+18),34:00,10,25,.400,2,6,.333,5,7,.714,4,4,8,6,3,0,3,27,20.1
51,1993-02-23,30-006,CHI,MIL,W (+4),41:00,15,26,.577,0,1,.000,4,6,.667,1,2,3,4,3,1,2,34,25.6
52,1993-02-25,30-008,CHI,ORL,W (+2),41:00,13,29,.448,1,3,.333,9,10,.900,0,4,4,4,4,0,2,36,25.3
53,1993-02-27,30-010,CHI,ATL,W (+20),36:00,13,27,.481,3,4,.750,5,5,1.000,2,7,9,8,2,0,2,34,29.0
54,1993-03-02,30-013,CHI,NJN,W (+7),40:00,8,17,.471,1,3,.333,7,9,.778,3,6,9,8,1,0,6,24,17.4
55,1993-03-09,30-020,CHI,SEA,W (+3),41:00,15,28,.536,0,3,.000,8,9,.889,2,2,4,9,6,1,2,38,35.8
56,1993-03-11,30-022,CHI,MIA,L (-2),38:00,11,25,.440,1,2,.500,6,6,1.000,0,5,5,8,0,0,1,29,20.0
57,1993-03-12,30-023,CHI,CHH,W (+15),43:00,21,35,.600,2,4,.500,8,9,.889,3,6,9,5,2,1,0,52,44.4
58,1993-03-14,30-025,CHI,DET,L (-2),43:00,11,25,.440,1,3,.333,5,6,.833,0,5,5,6,1,0,0,28,20.8
59,1993-03-15,30-026,CHI,LAC,W (+7),38:00,10,22,.455,0,1,.000,3,4,.750,3,6,9,4,4,0,7,23,13.7
60,1993-03-19,30-030,CHI,WSB,W (+5),39:00,9,27,.333,0,0,,7,7,1.000,1,2,3,5,2,1,0,25,15.6
61,1993-03-20,30-031,CHI,WSB,W (+25),31:00,16,27,.593,2,2,1.000,13,15,.867,0,8,8,4,2,0,1,47,39.1
62,1993-03-23,30-034,CHI,MIN,W (+7),42:00,12,21,.571,4,6,.667,6,6,1.000,1,4,5,7,5,1,3,34,33.2
63,1993-03-24,30-035,CHI,PHI,W (+13),39:00,20,29,.690,2,4,.500,1,2,.500,0,2,2,4,3,0,5,43,30.9
64,1993-03-26,30-037,CHI,ORL,W (+21),33:00,5,14,.357,0,0,,8,8,1.000,0,7,7,6,2,0,1,18,17.1
65,1993-03-30,30-041,CHI,PHO,L (-4),40:00,19,31,.613,0,6,.000,6,7,.857,0,3,3,5,4,0,3,44,34.5
66,1993-04-02,30-044,CHI,NJN,W (+13),38:00,16,24,.667,0,0,,8,9,.889,1,6,7,7,9,1,5,40,40.1
67,1993-04-04,30-046,CHI,BOS,W (+12),40:00,14,23,.609,1,1,1.000,3,6,.500,1,4,5,2,2,0,4,32,20.8
68,1993-04-06,30-048,CHI,MIL,L (-4),44:00,13,30,.433,1,6,.167,3,4,.750,1,4,5,6,4,0,5,30,17.3
69,1993-04-09,30-051,CHI,ATL,W (+1),44:00,12,23,.522,1,3,.333,5,5,1.000,1,11,12,4,4,2,7,30,23.1
70,1993-04-10,30-052,CHI,IND,W (+5),42:00,11,25,.440,0,1,.000,3,4,.750,2,4,6,5,5,0,3,25,18.4
71,1993-04-12,30-054,CHI,DET,W (+3),41:00,9,21,.429,0,4,.000,5,5,1.000,0,6,6,4,2,0,3,23,14.3
72,1993-04-14,30-056,CHI,MIA,W (+27),31:00,12,19,.632,3,4,.750,7,7,1.000,1,3,4,4,2,0,1,34,29.7
73,1993-04-16,30-058,CHI,MIL,W (+14),35:00,15,25,.600,0,3,.000,17,21,.810,1,6,7,5,5,0,1,47,43.5
74,1993-04-18,30-060,CHI,CLE,L (-9),45:00,13,26,.500,0,3,.000,6,7,.857,1,0,1,9,0,1,3,32,22.1
75,1993-04-20,30-062,CHI,PHI,W (+29),27:00,12,22,.545,3,6,.500,1,1,1.000,1,2,3,4,8,0,1,28,28.1
76,1993-04-22,30-064,CHI,DET,W (+6),46:00,15,27,.556,0,1,.000,6,11,.545,1,6,7,4,4,0,2,36,26.8
77,1993-04-23,30-065,CHI,CHH,L (-1),38:00,15,27,.556,1,2,.500,7,8,.875,1,3,4,3,0,0,2,38,25.2
78,1993-04-25,30-067,CHI,NYK,L (-5),37:00,10,28,.357,0,2,.000,1,3,.333,5,1,6,7,1,1,4,21,10.6
1,1995-03-19,32-030,CHI,IND,L (-7),43:00,7,28,.250,0,4,.000,5,6,.833,2,4,6,6,3,0,3,19,7.4
2,1995-03-22,32-033,CHI,BOS,W (+17),26:00,9,17,.529,1,3,.333,8,8,1.000,0,3,3,3,2,1,0,27,22.8
3,1995-03-24,32-035,CHI,ORL,L (-7),44:00,7,23,.304,0,2,.000,7,11,.636,0,4,4,8,5,2,2,21,16.5
4,1995-03-25,32-036,CHI,ATL,W (+1),43:00,14,26,.538,0,1,.000,4,4,1.000,0,4,4,2,1,0,0,32,22.2
5,1995-03-28,32-039,CHI,NYK,W (+2),39:00,21,37,.568,3,4,.750,10,11,.909,0,4,4,2,1,0,2,55,37.5
6,1995-03-30,32-041,CHI,BOS,W (+18),39:00,8,17,.471,2,2,1.000,5,7,.714,0,11,11,6,0,0,4,23,16.2
7,1995-04-01,32-043,CHI,PHI,W (+7),35:00,5,19,.263,0,1,.000,2,4,.500,1,4,5,6,1,1,3,12,3.9
8,1995-04-05,32-047,CHI,NJN,W (+7),43:00,13,31,.419,1,1,1.000,10,14,.714,3,8,11,2,3,1,2,37,25.3
9,1995-04-07,32-049,CHI,CLE,W (+9),42:00,9,27,.333,1,2,.500,9,10,.900,0,8,8,9,2,1,4,28,17.7
10,1995-04-09,32-051,CHI,CLE,L (-1),46:00,9,26,.346,2,3,.667,1,2,.500,4,5,9,5,1,1,3,21,11.7
11,1995-04-11,32-053,CHI,IND,W (+7),42:00,8,27,.296,1,1,1.000,8,10,.800,2,9,11,6,1,2,1,25,16.6
12,1995-04-12,32-054,CHI,DET,W (+11),44:00,12,23,.522,1,2,.500,4,4,1.000,1,8,9,9,0,0,4,29,21.5
13,1995-04-16,32-058,CHI,NYK,W (+21),37:00,8,19,.421,0,0,,12,14,.857,4,2,6,4,3,1,1,28,25.2
14,1995-04-17,32-059,CHI,MIA,W (+5),40:00,9,21,.429,0,0,,13,16,.813,0,5,5,4,3,0,1,31,24.2
15,1995-04-20,32-062,CHI,DET,W (+15),27:00,8,18,.444,0,0,,1,1,1.000,4,4,8,7,1,2,0,17,18.1
16,1995-04-22,32-064,CHI,CHH,W (+16),33:00,8,16,.500,0,2,.000,3,4,.750,0,2,2,4,0,0,1,19,12.6
17,1995-04-23,32-065,CHI,MIL,L (-4),45:00,11,29,.379,4,4,1.000,7,10,.700,4,7,11,7,3,1,4,33,23.8
1,1995-11-03,32-259,CHI,CHH,W (+14),39:00,16,29,.552,3,7,.429,7,9,.778,1,5,6,7,0,0,1,42,31.8
2,1995-11-04,32-260,CHI,BOS,W (+22),21:00,5,12,.417,0,1,.000,5,7,.714,0,0,0,3,3,1,0,15,12.0
3,1995-11-07,32-263,CHI,TOR,W (+9),40:00,13,19,.684,3,4,.750,9,9,1.000,1,3,4,5,4,0,1,38,37.2
4,1995-11-09,32-265,CHI,CLE,W (+18),37:00,12,24,.500,4,8,.500,1,2,.500,0,5,5,3,0,0,3,29,16.0
5,1995-11-11,32-267,CHI,POR,W (+4),40:00,11,23,.478,0,2,.000,14,15,.933,2,1,3,7,1,1,3,36,28.0
6,1995-11-14,32-270,CHI,ORL,L (-6),40:00,8,20,.400,3,7,.429,4,5,.800,2,5,7,6,2,0,2,23,17.3
7,1995-11-15,32-271,CHI,CLE,W (+19),29:00,7,10,.700,1,2,.500,5,7,.714,1,6,7,2,1,0,1,20,18.1
8,1995-11-17,32-273,CHI,NJN,W (+15),35:00,7,16,.438,0,1,.000,4,4,1.000,1,2,3,3,4,0,5,18,10.8
9,1995-11-21,32-277,CHI,DAL,W (+6),45:00,12,25,.480,0,2,.000,12,13,.923,0,8,8,5,2,2,0,36,31.0
10,1995-11-22,32-278,CHI,SAS,W (+9),43:00,15,27,.556,1,1,1.000,7,8,.875,2,7,9,2,4,0,5,38,26.6
11,1995-11-24,32-280,CHI,UTA,W (+5),40:00,9,21,.429,2,5,.400,14,17,.824,0,8,8,6,1,0,4,34,24.1
12,1995-11-26,32-282,CHI,SEA,L (-5),40:00,6,19,.316,0,4,.000,10,11,.909,2,3,5,4,2,0,4,22,13.4
13,1995-11-27,32-283,CHI,POR,W (+3),41:00,13,22,.591,0,3,.000,7,8,.875,1,2,3,8,4,0,4,33,28.1
14,1995-11-30,32-286,CHI,VAN,W (+6),39:00,14,26,.538,0,2,.000,1,2,.500,1,2,3,4,3,0,2,29,20.7
15,1995-12-02,32-288,CHI,LAC,W (+6),43:00,13,22,.591,0,2,.000,11,14,.786,5,6,11,5,4,1,2,37,35.9
16,1995-12-06,32-292,CHI,NYK,W (+7),45:00,8,27,.296,0,0,,6,6,1.000,0,3,3,8,0,0,0,22,11.6
17,1995-12-08,32-294,CHI,SAS,W (+19),36:00,11,23,.478,0,1,.000,6,6,1.000,1,4,5,6,3,1,1,28,23.5
18,1995-12-09,32-295,CHI,MIL,W (+12),42:00,16,28,.571,0,0,,13,16,.813,3,2,5,4,2,0,2,45,34.9
19,1995-12-13,32-299,CHI,ORL,W (+9),43:00,15,30,.500,4,7,.571,2,6,.333,3,3,6,2,2,1,4,36,21.3
20,1995-12-14,32-300,CHI,ATL,W (+19),31:00,8,16,.500,1,4,.250,5,5,1.000,1,2,3,1,0,0,3,22,11.8
21,1995-12-16,32-302,CHI,LAL,W (+20),38:00,5,20,.250,0,1,.000,10,10,1.000,2,5,7,6,5,1,3,20,17.0
22,1995-12-18,32-304,CHI,BOS,W (+9),40:00,16,27,.593,0,1,.000,5,8,.625,0,6,6,3,5,0,2,37,29.4
23,1995-12-19,32-305,CHI,DAL,W (+13),36:00,12,23,.522,0,1,.000,8,8,1.000,1,3,4,4,1,0,0,32,25.7
24,1995-12-22,32-308,CHI,TOR,W (+9),40:00,9,19,.474,2,3,.667,7,7,1.000,3,7,10,5,3,0,2,27,25.6
25,1995-12-23,32-309,CHI,UTA,W (+14),37:00,12,22,.545,1,2,.500,5,5,1.000,1,6,7,8,3,1,2,30,28.4
26,1995-12-26,32-312,CHI,IND,L (-6),43:00,11,28,.393,1,2,.500,7,9,.778,2,8,10,4,1,2,2,30,19.8
27,1995-12-29,32-315,CHI,IND,W (+27),36:00,8,20,.400,0,2,.000,13,18,.722,3,4,7,3,3,0,4,29,19.0
28,1995-12-30,32-316,CHI,ATL,W (+2),42:00,14,27,.519,1,2,.500,4,6,.667,2,5,7,6,4,1,5,33,24.5
29,1996-01-03,32-320,CHI,HOU,W (+14),40:00,17,29,.586,1,1,1.000,3,4,.750,3,5,8,5,3,0,1,38,32.0
30,1996-01-04,32-321,CHI,CHH,W (+24),34:00,11,20,.550,0,1,.000,5,7,.714,1,4,5,5,1,0,1,27,21.6
31,1996-01-06,32-323,CHI,MIL,W (+29),37:00,10,20,.500,2,4,.500,10,12,.833,1,1,2,3,3,1,0,32,27.2
32,1996-01-10,32-327,CHI,SEA,W (+26),36:00,14,25,.560,1,2,.500,6,7,.857,1,13,14,5,0,1,4,35,26.7
33,1996-01-13,32-330,CHI,PHI,W (+27),34:00,18,28,.643,5,7,.714,7,7,1.000,3,7,10,2,1,1,2,48,40.5
34,1996-01-15,32-332,CHI,WSB,W (+7),39:00,16,31,.516,3,7,.429,11,11,1.000,0,4,4,2,1,0,5,46,27.3
35,1996-01-16,32-333,CHI,PHI,W (+12),32:00,13,22,.591,2,6,.333,4,6,.667,3,4,7,2,3,0,1,32,27.3
36,1996-01-18,32-335,CHI,TOR,W (+3),43:00,14,28,.500,4,8,.500,6,8,.750,4,5,9,2,1,0,1,38,28.9
37,1996-01-21,32-338,CHI,DET,W (+15),43:00,12,23,.522,3,5,.600,9,11,.818,3,5,8,4,2,1,3,36,29.6
38,1996-01-23,32-340,CHI,NYK,W (+20),36:00,13,23,.565,3,4,.750,4,5,.800,1,5,6,4,3,0,2,33,27.3
39,1996-01-24,32-341,CHI,VAN,W (+20),26:00,4,10,.400,0,1,.000,4,6,.667,1,2,3,6,0,0,1,12,8.7
40,1996-01-26,32-343,CHI,MIA,W (+22),35:00,10,21,.476,1,3,.333,4,5,.800,4,5,9,4,3,2,8,25,15.8
41,1996-01-28,32-345,CHI,PHO,W (+11),42:00,13,25,.520,0,2,.000,5,7,.714,3,3,6,6,3,1,2,31,24.8
42,1996-01-30,32-347,CHI,HOU,W (+11),43:00,7,26,.269,1,6,.167,7,8,.875,3,5,8,1,4,0,2,22,11.3
43,1996-02-01,32-349,CHI,SAC,W (+20),38:00,7,16,.438,0,1,.000,13,14,.929,0,2,2,1,2,1,4,27,16.6
44,1996-02-02,32-350,CHI,LAL,W (+15),39:00,8,17,.471,0,0,,1,1,1.000,3,4,7,7,1,0,3,17,13.7
45,1996-02-04,32-352,CHI,DEN,L (-6),42:00,13,29,.448,4,7,.571,9,11,.818,0,3,3,4,3,1,4,39,26.1
46,1996-02-06,32-354,CHI,PHO,L (-10),40:00,9,22,.409,0,2,.000,10,17,.588,2,0,2,6,3,0,3,28,17.0
47,1996-02-07,32-355,CHI,GSW,W (+4),46:00,15,31,.484,0,0,,10,13,.769,6,5,11,6,3,2,2,40,34.2
48,1996-02-13,32-361,CHI,WSB,W (+13),36:00,11,23,.478,2,3,.667,8,10,.800,2,7,9,3,0,0,4,32,20.3
49,1996-02-15,32-363,CHI,DET,W (+3),49:00,10,30,.333,0,1,.000,12,12,1.000,2,6,8,5,3,0,1,32,22.9
50,1996-02-16,32-364,CHI,MIN,W (+3),38:00,13,23,.565,4,4,1.000,5,5,1.000,1,6,7,4,0,1,2,35,27.7
51,1996-02-18,33-001,CHI,IND,W (+8),42:00,16,29,.552,3,4,.750,9,10,.900,4,1,5,7,3,2,3,44,38.3
52,1996-02-20,33-003,CHI,CLE,W (+26),35:00,6,19,.316,0,0,,2,3,.667,3,6,9,6,0,0,0,14,9.6
53,1996-02-22,33-005,CHI,ATL,W (+5),43:00,15,26,.577,2,2,1.000,2,2,1.000,1,2,3,3,0,1,2,34,23.9
54,1996-02-23,33-006,CHI,MIA,L (-9),40:00,9,21,.429,1,4,.250,12,13,.923,3,6,9,5,4,0,3,31,26.3
55,1996-02-25,33-008,CHI,ORL,W (+20),40:00,8,19,.421,1,1,1.000,6,8,.750,2,3,5,7,2,0,1,23,19.5
56,1996-02-27,33-010,CHI,MIN,W (+21),41:00,11,24,.458,2,3,.667,11,12,.917,2,4,6,7,2,0,1,35,29.9
57,1996-03-01,33-013,CHI,GSW,W (+23),35:00,7,17,.412,1,3,.333,2,3,.667,0,3,3,6,6,0,3,17,15.2
58,1996-03-02,33-014,CHI,BOS,W (+32),32:00,8,15,.533,0,2,.000,5,8,.625,3,5,8,8,4,1,1,21,25.4
59,1996-03-05,33-017,CHI,MIL,W (+9),32:00,12,20,.600,4,5,.800,5,6,.833,4,4,8,4,2,0,3,33,29.2
60,1996-03-07,33-019,CHI,DET,W (+21),38:00,21,28,.750,2,4,.500,9,10,.900,2,9,11,2,6,0,4,53,47.7
61,1996-03-10,33-022,CHI,NYK,L (-32),43:00,12,26,.462,2,4,.500,6,7,.857,1,7,8,3,1,1,7,32,16.6
62,1996-03-13,33-025,CHI,WSB,W (+17),36:00,12,25,.480,2,6,.333,11,12,.917,0,6,6,5,1,0,3,37,26.4
63,1996-03-15,33-027,CHI,DEN,W (+21),36:00,14,22,.636,3,5,.600,2,3,.667,0,6,6,3,3,2,3,33,27.3
64,1996-03-16,33-028,CHI,NJN,W (+4),43:00,14,29,.483,2,5,.400,7,7,1.000,2,14,16,5,1,3,0,37,32.9
65,1996-03-18,33-030,CHI,PHI,W (+4),47:00,15,32,.469,0,5,.000,8,10,.800,2,9,11,4,1,0,2,38,24.7
66,1996-03-19,33-031,CHI,SAC,W (+22),35:00,7,16,.438,0,3,.000,6,6,1.000,2,7,9,3,2,0,6,20,12.0
67,1996-03-21,33-033,CHI,NYK,W (+21),37:00,14,24,.583,1,4,.250,7,7,1.000,0,11,11,5,1,0,1,36,30.4
68,1996-03-24,33-036,CHI,TOR,L (-1),39:00,14,22,.636,0,1,.000,8,8,1.000,5,4,9,2,0,2,2,36,30.5
69,1996-03-28,33-040,CHI,ATL,W (+31),30:00,5,12,.417,0,1,.000,3,6,.500,0,5,5,7,1,1,0,13,12.3
70,1996-03-30,33-042,CHI,LAC,W (+21),34:00,6,15,.400,0,1,.000,9,10,.900,4,5,9,6,2,0,1,21,21.6
71,1996-04-02,33-045,CHI,MIA,W (+18),37:00,11,23,.478,2,3,.667,8,8,1.000,1,7,8,3,2,0,1,32,24.6
72,1996-04-04,33-047,CHI,MIA,W (+8),41:00,13,24,.542,1,4,.250,13,16,.813,3,4,7,3,4,2,4,40,33.2
73,1996-04-05,33-048,CHI,CHH,W (+34),28:00,10,16,.625,2,2,1.000,2,3,.667,0,5,5,4,3,0,3,24,20.7
74,1996-04-07,33-050,CHI,ORL,W (+4),44:00,10,30,.333,2,4,.500,5,5,1.000,1,2,3,1,2,0,1,27,12.2
75,1996-04-08,33-051,CHI,CHH,L (-1),42:00,13,27,.481,1,3,.333,13,19,.684,4,7,11,5,1,0,1,40,31.5
76,1996-04-11,33-054,CHI,NJN,W (+13),26:00,8,18,.444,0,1,.000,1,4,.250,3,4,7,3,3,0,3,17,11.8
77,1996-04-12,33-055,CHI,PHI,W (+30),29:00,10,16,.625,2,4,.500,1,1,1.000,2,1,3,0,4,1,2,23,19.4
78,1996-04-14,33-057,CHI,CLE,W (+26),35:00,11,18,.611,4,7,.571,6,6,1.000,3,9,12,3,1,0,3,32,28.7
79,1996-04-16,33-059,CHI,MIL,W (+6),42:00,9,27,.333,1,4,.250,3,4,.750,1,8,9,4,2,1,4,22,10.5
80,1996-04-18,33-061,CHI,DET,W (+31),24:00,11,18,.611,4,5,.800,4,4,1.000,1,4,5,1,1,0,2,30,23.0
81,1996-04-20,33-063,CHI,IND,L (-1),31:00,9,23,.391,2,5,.400,4,5,.800,0,2,2,6,1,1,3,24,13.0
82,1996-04-21,33-064,CHI,WSB,W (+10),24:00,11,22,.500,1,3,.333,3,3,1.000,1,3,4,4,4,0,1,26,22.4
1,1996-11-01,33-258,CHI,BOS,W (+9),43:00,10,22,.455,0,5,.000,10,13,.769,1,3,4,3,0,0,1,30,19.3
2,1996-11-02,33-259,CHI,PHI,W (+29),30:00,11,20,.550,3,7,.429,2,2,1.000,1,1,2,5,4,0,2,27,23.1
3,1996-11-05,33-262,CHI,VAN,W (+23),31:00,9,18,.500,3,5,.600,1,1,1.000,2,5,7,3,4,0,4,22,17.2
4,1996-11-06,33-263,CHI,MIA,W (+6),40:00,18,33,.545,1,2,.500,13,14,.929,1,5,6,0,1,1,0,50,37.2
5,1996-11-08,33-265,CHI,DET,W (+18),36:00,6,14,.429,1,3,.333,2,2,1.000,1,3,4,8,1,0,0,15,14.6
6,1996-11-09,33-266,CHI,BOS,W (+12),32:00,10,23,.435,0,2,.000,7,11,.636,2,1,3,3,1,0,0,27,17.3
7,1996-11-11,33-268,CHI,PHO,W (+18),35:00,12,21,.571,1,1,1.000,1,2,.500,1,1,2,5,1,1,3,26,18.5
8,1996-11-13,33-270,CHI,MIA,W (+32),34:00,8,23,.348,0,1,.000,12,16,.750,1,4,5,3,1,0,0,28,17.3
9,1996-11-15,33-272,CHI,CHH,W (+23),29:00,15,25,.600,4,5,.800,4,4,1.000,0,1,1,2,1,1,1,38,28.1
10,1996-11-16,33-273,CHI,ATL,W (+28),35:00,11,23,.478,0,1,.000,3,4,.750,0,5,5,3,1,0,2,25,14.7
11,1996-11-20,33-277,CHI,PHO,W (+14),35:00,16,29,.552,0,0,,5,6,.833,1,3,4,4,1,1,2,37,25.6
12,1996-11-21,33-278,CHI,DEN,W (+18),34:00,12,23,.522,0,2,.000,7,7,1.000,4,3,7,3,2,1,2,31,25.4
13,1996-11-23,33-280,CHI,UTA,L (-5),39:00,17,32,.531,0,6,.000,10,12,.833,1,5,6,4,2,1,2,44,32.1
14,1996-11-25,33-282,CHI,LAC,W (+4),43:00,14,26,.538,1,3,.333,11,12,.917,1,6,7,2,2,4,2,40,32.5
15,1996-11-29,33-286,CHI,DAL,W (+19),40:00,13,23,.565,4,5,.800,6,6,1.000,0,7,7,4,2,0,2,36,29.6
16,1996-11-30,33-287,CHI,SAS,W (+9),38:00,14,35,.400,2,5,.400,5,5,1.000,0,9,9,3,0,0,1,35,19.9
17,1996-12-03,33-290,CHI,MIL,W (+3),41:00,13,27,.481,0,0,,14,17,.824,2,4,6,6,0,0,3,40,28.5
18,1996-12-05,33-292,CHI,LAC,W (+18),31:00,9,21,.429,0,3,.000,2,3,.667,1,3,4,6,2,0,1,20,14.1
19,1996-12-07,33-294,CHI,MIA,L (-3),42:00,16,30,.533,0,3,.000,5,6,.833,1,8,9,3,0,0,0,37,26.8
20,1996-12-08,33-295,CHI,TOR,L (-8),41:00,5,17,.294,1,4,.250,2,2,1.000,0,9,9,8,2,2,3,13,11.4
21,1996-12-11,33-298,CHI,MIN,W (+17),36:00,10,16,.625,1,1,1.000,6,6,1.000,0,7,7,3,3,0,1,27,26.0
22,1996-12-13,33-300,CHI,NJN,W (+21),34:00,9,19,.474,3,5,.600,11,12,.917,0,6,6,6,4,0,1,32,30.1
23,1996-12-14,33-301,CHI,CHH,W (+5),41:00,10,26,.385,0,3,.000,9,12,.750,2,7,9,5,5,0,1,29,24.6
24,1996-12-17,33-304,CHI,LAL,W (+6),47:00,10,32,.313,0,2,.000,10,14,.714,5,4,9,3,1,1,2,30,15.7
25,1996-12-19,33-306,CHI,CHH,W (+21),36:00,13,27,.481,3,8,.375,6,7,.857,5,3,8,1,1,1,2,35,25.7
26,1996-12-21,33-308,CHI,PHI,W (+6),44:00,12,29,.414,1,3,.333,6,8,.750,0,1,1,3,1,1,1,31,16.2
27,1996-12-23,33-310,CHI,NJN,W (+32),33:00,10,18,.556,0,1,.000,4,4,1.000,2,1,3,4,0,0,3,24,16.5
28,1996-12-25,33-312,CHI,DET,W (+12),46:00,9,21,.429,0,4,.000,5,7,.714,6,4,10,2,1,0,4,23,13.7
29,1996-12-26,33-313,CHI,ATL,L (-5),40:00,10,25,.400,2,5,.400,12,13,.923,0,3,3,1,2,1,0,34,23.6
30,1996-12-28,33-315,CHI,CLE,W (+5),42:00,13,25,.520,0,1,.000,19,20,.950,2,5,7,5,3,0,4,45,36.1
31,1996-12-30,33-317,CHI,IND,W (+2),40:00,12,29,.414,1,5,.200,3,4,.750,3,4,7,4,1,0,3,28,15.8
32,1997-01-03,33-321,CHI,ORL,W (+21),35:00,10,18,.556,0,2,.000,2,2,1.000,1,3,4,6,2,1,2,22,19.1
33,1997-01-06,33-324,CHI,UTA,W (+13),40:00,8,20,.400,2,3,.667,5,6,.833,3,5,8,3,3,1,1,23,19.8
34,1997-01-10,33-328,CHI,MIL,W (+15),38:00,11,23,.478,3,4,.750,8,13,.615,1,4,5,3,0,0,0,33,22.5
35,1997-01-11,33-329,CHI,HOU,W (+24),39:00,12,25,.480,4,6,.667,4,4,1.000,0,6,6,7,2,0,3,32,24.6
36,1997-01-14,33-332,CHI,WSB,W (+1),40:00,14,27,.519,0,4,.000,11,11,1.000,0,2,2,2,2,0,0,39,28.5
37,1997-01-15,33-333,CHI,MIN,W (+10),35:00,12,22,.545,1,5,.200,0,0,,1,2,3,4,1,1,3,25,16.4
38,1997-01-17,33-335,CHI,MIL,W (+27),36:00,10,15,.667,1,2,.500,3,4,.750,1,6,7,11,2,0,1,24,27.5
39,1997-01-19,33-337,CHI,HOU,L (-16),43:00,8,25,.320,1,6,.167,9,9,1.000,3,11,14,5,1,1,1,26,21.3
40,1997-01-21,33-339,CHI,NYK,W (+1),43:00,18,30,.600,5,8,.625,10,11,.909,1,3,4,4,2,0,2,51,40.8
41,1997-01-23,33-341,CHI,CLE,W (+16),39:00,10,24,.417,1,5,.200,11,12,.917,1,8,9,0,1,0,4,32,18.1
42,1997-01-25,33-343,CHI,TOR,W (+12),31:00,10,16,.625,3,4,.750,1,2,.500,1,2,3,4,2,0,0,24,22.1
43,1997-01-28,33-346,CHI,VAN,W (+15),32:00,12,19,.632,1,3,.333,3,4,.750,1,3,4,3,4,0,2,28,24.4
44,1997-01-30,33-348,CHI,SAC,W (+18),40:00,11,19,.579,1,5,.200,9,10,.900,0,6,6,2,3,0,2,32,25.7
45,1997-01-31,33-349,CHI,GSW,W (+23),32:00,8,17,.471,1,6,.167,1,1,1.000,0,4,4,8,3,0,2,18,16.3
46,1997-02-02,33-351,CHI,SEA,W (+7),45:00,19,28,.679,2,3,.667,5,6,.833,3,4,7,3,1,0,1,45,37.2
47,1997-02-04,33-353,CHI,POR,W (+4),41:00,15,30,.500,1,4,.250,5,5,1.000,1,4,5,2,1,2,0,36,25.5
48,1997-02-05,33-354,CHI,LAL,L (-16),40:00,10,24,.417,2,5,.400,5,6,.833,1,3,4,4,1,1,2,27,17.5
49,1997-02-11,33-360,CHI,CHH,W (+3),42:00,16,24,.667,1,2,.500,10,14,.714,0,5,5,4,3,0,5,43,32.5
50,1997-02-14,33-363,CHI,ATL,W (+1),45:00,13,28,.464,1,2,.500,3,5,.600,3,5,8,4,2,0,4,30,19.2
51,1997-02-16,33-365,CHI,ORL,W (+21),38:00,8,20,.400,3,4,.750,0,0,,1,7,8,10,4,0,2,19,18.8
52,1997-02-18,34-001,CHI,DEN,W (+11),32:00,10,18,.556,1,3,.333,3,4,.750,2,3,5,12,3,0,0,24,27.5
53,1997-02-21,34-004,CHI,WSB,W (+4),45:00,13,28,.464,3,4,.750,7,12,.583,1,3,4,4,1,0,2,36,22.2
54,1997-02-22,34-005,CHI,GSW,W (+33),31:00,13,19,.684,5,8,.625,3,4,.750,1,4,5,1,3,0,2,34,28.7
55,1997-02-24,34-007,CHI,POR,W (+27),30:00,13,27,.481,3,7,.429,8,9,.889,1,3,4,3,0,0,1,37,25.2
56,1997-02-27,34-010,CHI,CLE,L (-3),43:00,7,25,.280,0,3,.000,9,9,1.000,1,7,8,4,0,0,2,23,11.1
57,1997-02-28,34-011,CHI,SAC,W (+18),35:00,13,20,.650,5,7,.714,4,5,.800,1,8,9,6,1,1,2,35,32.0
58,1997-03-03,34-014,CHI,MIL,W (+18),36:00,11,19,.579,3,7,.429,6,6,1.000,0,3,3,6,2,0,2,31,26.4
59,1997-03-05,34-016,CHI,SAS,W (+42),23:00,7,17,.412,1,4,.250,1,2,.500,1,1,2,4,2,0,0,16,11.9
60,1997-03-07,34-018,CHI,IND,W (+8),44:00,11,21,.524,1,3,.333,15,17,.882,1,3,4,5,2,1,4,38,29.5
61,1997-03-09,34-020,CHI,NYK,L (-4),46:00,14,31,.452,0,3,.000,8,9,.889,2,4,6,4,1,0,1,36,24.1
62,1997-03-11,34-022,CHI,BOS,W (+11),43:00,13,23,.565,1,3,.333,5,6,.833,0,4,4,9,3,0,2,32,28.4
63,1997-03-12,34-023,CHI,PHI,W (+4),37:00,9,24,.375,1,4,.250,4,5,.800,0,5,5,3,2,1,4,23,10.9
64,1997-03-14,34-025,CHI,NJN,L (-1),39:00,16,34,.471,1,3,.333,3,5,.600,2,6,8,5,0,1,1,36,23.8
65,1997-03-15,34-026,CHI,ATL,W (+20),29:00,5,11,.455,0,1,.000,0,0,,1,3,4,3,1,2,3,10,7.0
66,1997-03-18,34-029,CHI,SEA,W (+2),50:00,10,28,.357,0,4,.000,12,13,.923,8,10,18,2,0,0,8,32,16.8
67,1997-03-21,34-032,CHI,IND,W (+19),40:00,11,25,.440,1,3,.333,13,14,.929,4,2,6,4,2,1,2,36,29.4
68,1997-03-22,34-033,CHI,DET,W (+15),35:00,8,20,.400,3,6,.500,4,4,1.000,2,3,5,7,2,1,0,23,20.9
69,1997-03-25,34-036,CHI,DAL,W (+2),36:00,9,20,.450,0,1,.000,2,2,1.000,0,1,1,3,3,0,2,20,11.8
70,1997-03-27,34-038,CHI,TOR,W (+13),41:00,5,17,.294,0,0,,2,3,.667,3,7,10,4,0,2,6,12,3.3
71,1997-03-29,34-040,CHI,NJN,W (+10),39:00,9,21,.429,1,2,.500,2,3,.667,2,4,6,10,0,2,0,21,19.3
72,1997-04-01,34-043,CHI,BOS,W (+5),27:00,8,11,.727,0,0,,5,9,.556,0,8,8,2,2,0,2,21,18.3
73,1997-04-03,34-045,CHI,WSB,L (-8),39:00,14,30,.467,1,4,.250,5,6,.833,0,1,1,6,2,1,2,34,22.6
74,1997-04-04,34-046,CHI,CLE,W (+13),38:00,9,16,.563,0,1,.000,4,5,.800,1,4,5,3,1,2,0,22,19.6
75,1997-04-06,34-048,CHI,ORL,W (+16),40:00,13,22,.591,3,6,.500,8,9,.889,2,6,8,5,3,1,4,37,31.6
76,1997-04-07,34-049,CHI,PHI,W (+26),30:00,13,25,.520,3,4,.750,1,2,.500,3,5,8,2,3,2,2,30,24.3
77,1997-04-09,34-051,CHI,IND,W (+6),41:00,8,19,.421,0,3,.000,7,8,.875,0,3,3,2,5,0,6,23,13.0
78,1997-04-10,34-052,CHI,NYK,W (+2),44:00,12,26,.462,1,3,.333,9,10,.900,1,7,8,6,1,1,3,34,24.7
79,1997-04-13,34-055,CHI,DET,L (-17),38:00,7,16,.438,0,3,.000,4,4,1.000,1,8,9,7,0,0,4,18,13.2
80,1997-04-14,34-056,CHI,TOR,W (+17),35:00,12,24,.500,4,7,.571,2,2,1.000,2,9,11,10,3,1,2,30,30.0
81,1997-04-16,34-058,CHI,MIA,L (-10),39:00,11,27,.407,2,5,.400,2,4,.500,1,7,8,3,0,1,3,26,11.3
82,1997-04-19,34-061,CHI,NYK,L (-2),39:00,14,22,.636,1,1,1.000,4,8,.500,0,3,3,3,2,0,4,33,21.0
1,1997-10-31,34-256,CHI,BOS,L (-7),42:00,7,23,.304,0,0,,16,21,.762,1,5,6,4,2,1,3,30,18.6
2,1997-11-01,34-257,CHI,PHI,W (+20),24:00,7,14,.500,0,0,,2,2,1.000,1,6,7,2,2,0,3,16,10.7
3,1997-11-03,34-259,CHI,SAS,W (+4),48:00,12,39,.308,1,4,.250,4,6,.667,4,9,13,4,5,2,3,29,17.4
4,1997-11-05,34-261,CHI,ORL,W (+13),41:00,11,25,.440,0,3,.000,7,9,.778,4,13,17,4,0,0,0,29,23.8
5,1997-11-07,34-263,CHI,ATL,L (-2),40:00,11,25,.440,0,1,.000,5,7,.714,1,8,9,6,1,0,2,27,19.0
6,1997-11-08,34-264,CHI,NJN,W (+13),33:00,5,13,.385,0,1,.000,5,8,.625,1,4,5,2,2,0,2,15,8.8
7,1997-11-11,34-267,CHI,CLE,L (-21),34:00,7,17,.412,0,1,.000,5,7,.714,2,4,6,1,1,0,3,19,10.0
8,1997-11-12,34-268,CHI,WAS,L (-7),40:00,10,28,.357,0,2,.000,8,12,.667,2,5,7,3,4,2,5,28,15.8
9,1997-11-14,34-270,CHI,CHH,W (+13),38:00,12,24,.500,2,2,1.000,2,2,1.000,1,3,4,7,1,1,2,28,22.2
10,1997-11-15,34-271,CHI,CLE,W (+9),39:00,11,26,.423,1,1,1.000,4,7,.571,0,2,2,4,2,0,5,27,11.6
11,1997-11-20,34-276,CHI,PHO,L (-4),41:00,13,27,.481,0,1,.000,4,6,.667,1,5,6,3,1,0,3,30,17.8
12,1997-11-21,34-277,CHI,LAC,W (+9),52:00,18,38,.474,0,2,.000,13,19,.684,2,3,5,5,1,1,4,49,29.5
13,1997-11-23,34-279,CHI,SAC,W (+15),41:00,11,19,.579,0,0,,11,12,.917,1,2,3,5,2,1,2,33,28.8
14,1997-11-25,34-281,CHI,SEA,L (-1),38:00,11,25,.440,0,2,.000,4,6,.667,2,4,6,5,5,0,3,26,19.8
15,1997-11-28,34-284,CHI,IND,L (-11),42:00,11,26,.423,0,2,.000,4,8,.500,1,6,7,2,2,0,1,26,14.3
16,1997-11-29,34-285,CHI,WAS,W (+5),37:00,10,21,.476,1,1,1.000,8,12,.667,0,4,4,3,2,0,2,29,18.8
17,1997-12-03,34-289,CHI,BOS,W (+10),40:00,11,21,.524,1,3,.333,6,8,.750,4,5,9,5,2,1,7,29,20.6
18,1997-12-05,34-291,CHI,MIL,W (+22),35:00,4,16,.250,0,3,.000,5,6,.833,3,6,9,2,1,0,1,13,7.1
19,1997-12-09,34-295,CHI,NYK,W (+18),37:00,10,23,.435,0,0,,9,9,1.000,1,3,4,4,1,0,4,29,16.7
20,1997-12-10,34-296,CHI,ORL,L (-8),37:00,6,17,.353,0,1,.000,13,13,1.000,1,1,2,5,1,0,3,25,16.8
21,1997-12-12,34-298,CHI,CHH,L (-2),41:00,12,24,.500,0,0,,4,6,.667,3,6,9,5,0,0,4,28,17.8
22,1997-12-13,34-299,CHI,TOR,W (+27),27:00,4,16,.250,0,0,,3,4,.750,3,3,6,2,2,0,0,11,7.4
23,1997-12-15,34-301,CHI,PHO,W (+7),36:00,10,23,.435,0,1,.000,11,12,.917,3,6,9,4,4,1,2,31,27.1
24,1997-12-17,34-303,CHI,LAL,W (+21),35:00,12,22,.545,1,2,.500,11,12,.917,2,3,5,4,1,1,4,36,26.2
25,1997-12-20,34-306,CHI,NJN,W (+8),42:00,10,23,.435,0,0,,4,5,.800,3,2,5,3,0,2,2,24,14.9
26,1997-12-23,34-309,CHI,LAC,W (+5),40:00,9,24,.375,0,1,.000,9,12,.750,7,5,12,4,0,1,2,27,20.5
27,1997-12-25,34-311,CHI,MIA,W (+10),38:00,8,20,.400,0,1,.000,8,12,.667,4,7,11,4,2,0,3,24,18.3
28,1997-12-27,34-313,CHI,ATL,W (+7),36:00,18,26,.692,0,0,,11,13,.846,2,2,4,2,3,1,4,47,37.5
29,1997-12-29,34-315,CHI,DAL,W (+6),41:00,16,29,.552,0,1,.000,9,11,.818,1,6,7,0,0,2,2,41,27.8
30,1997-12-30,34-316,CHI,MIN,L (-4),39:00,11,28,.393,1,3,.333,10,13,.769,0,4,4,1,0,0,3,33,15.1
31,1998-01-02,34-319,CHI,MIL,W (+14),43:00,15,22,.682,1,1,1.000,13,15,.867,1,4,5,1,2,0,0,44,38.0
32,1998-01-03,34-320,CHI,DET,W (+9),47:00,12,25,.480,0,1,.000,10,11,.909,0,9,9,9,1,2,4,34,27.5
33,1998-01-06,34-323,CHI,BOS,W (+11),41:00,5,13,.385,0,1,.000,9,12,.750,1,2,3,4,3,0,3,19,14.8
34,1998-01-07,34-324,CHI,MIA,L (-27),37:00,12,27,.444,1,2,.500,1,3,.333,2,2,4,1,1,0,1,26,13.8
35,1998-01-09,34-326,CHI,NYK,W (+1),41:00,17,33,.515,1,4,.250,9,10,.900,1,3,4,2,3,1,1,44,31.8
36,1998-01-10,34-327,CHI,GSW,W (+5),38:00,13,31,.419,0,1,.000,6,10,.600,4,2,6,3,0,0,1,32,18.4
37,1998-01-13,34-330,CHI,SEA,W (+10),38:00,12,27,.444,0,2,.000,16,18,.889,1,0,1,2,0,0,1,40,24.2
38,1998-01-15,34-332,CHI,PHI,L (-10),38:00,9,23,.391,0,1,.000,2,4,.500,2,7,9,4,2,0,4,20,10.6
39,1998-01-16,34-333,CHI,MIL,W (+10),40:00,10,20,.500,1,1,1.000,6,7,.857,0,8,8,2,1,1,3,27,17.9
40,1998-01-18,34-335,CHI,HOU,W (+6),41:00,16,29,.552,2,2,1.000,11,12,.917,0,3,3,3,3,1,4,45,32.6
41,1998-01-21,34-338,CHI,CHH,W (+31),31:00,14,23,.609,1,3,.333,4,4,1.000,1,4,5,6,3,1,1,33,30.5
42,1998-01-23,34-340,CHI,NJN,W (+2),44:00,10,23,.435,0,1,.000,12,13,.923,0,5,5,1,1,1,4,32,18.6
43,1998-01-25,34-342,CHI,UTA,L (-7),44:00,13,26,.500,0,4,.000,6,7,.857,3,2,5,7,2,0,3,32,23.6
44,1998-01-27,34-344,CHI,VAN,W (+18),32:00,7,15,.467,0,0,,6,6,1.000,0,0,0,3,1,1,1,20,15.1
45,1998-01-29,34-346,CHI,POR,W (+13),39:00,11,24,.458,0,1,.000,7,7,1.000,1,4,5,4,1,0,0,29,21.9
46,1998-01-30,34-347,CHI,GSW,W (+7),41:00,2,17,.118,0,0,,10,11,.909,3,5,8,3,3,1,2,14,9.9
47,1998-02-01,34-349,CHI,LAL,L (-25),37:00,11,26,.423,0,1,.000,9,12,.750,0,5,5,2,1,0,1,31,18.9
48,1998-02-02,34-350,CHI,DEN,W (+39),33:00,6,12,.500,0,0,,3,4,.750,1,5,6,3,1,0,0,15,13.5
49,1998-02-04,34-352,CHI,UTA,L (-8),43:00,17,37,.459,1,5,.200,5,6,.833,2,5,7,3,2,1,1,40,26.4
50,1998-02-10,34-358,CHI,TOR,W (+7),34:00,8,21,.381,0,3,.000,2,5,.400,2,3,5,1,2,0,2,18,7.9
51,1998-02-11,34-359,CHI,CHH,W (+2),41:00,11,22,.500,0,0,,7,9,.778,1,3,4,6,0,0,1,29,21.2
52,1998-02-13,34-361,CHI,ATL,W (+2),36:00,14,22,.636,0,1,.000,9,12,.750,3,4,7,1,1,0,2,37,29.0
53,1998-02-15,34-363,CHI,DET,W (+9),41:00,7,17,.412,0,1,.000,7,8,.875,1,11,12,5,3,0,3,21,17.8
54,1998-02-17,35-000,CHI,IND,W (+8),39:00,13,23,.565,0,2,.000,1,3,.333,2,2,4,6,1,1,2,27,19.6
55,1998-02-19,35-002,CHI,TOR,W (+37),28:00,5,9,.556,1,2,.500,5,6,.833,0,4,4,5,0,0,1,16,14.2
56,1998-02-21,35-004,CHI,WAS,W (+6),42:00,8,23,.348,0,0,,3,5,.600,3,5,8,3,1,2,1,19,11.2
57,1998-02-23,35-006,CHI,CLE,W (+22),29:00,7,14,.500,0,1,.000,3,4,.750,2,5,7,6,0,1,2,17,14.2
58,1998-02-25,35-008,CHI,POR,L (-5),42:00,9,26,.346,0,2,.000,15,17,.882,1,3,4,3,4,1,3,33,22.2
59,1998-02-28,35-011,CHI,SAC,W (+15),39:00,10,17,.588,0,1,.000,8,9,.889,1,1,2,2,0,0,2,28,19.7
60,1998-03-03,35-014,CHI,DEN,W (+28),40:00,12,19,.632,0,0,,6,6,1.000,0,7,7,2,2,0,2,30,24.6
61,1998-03-08,35-019,CHI,NYK,W (+13),43:00,17,33,.515,1,2,.500,7,9,.778,3,5,8,6,3,1,2,42,34.0
62,1998-03-10,35-021,CHI,MIA,W (+15),39:00,17,30,.567,1,2,.500,2,2,1.000,0,4,4,4,1,1,1,37,26.7
63,1998-03-12,35-023,CHI,DAL,L (-7),47:00,10,24,.417,1,3,.333,5,11,.455,4,3,7,3,1,1,1,26,15.7
64,1998-03-14,35-025,CHI,SAS,W (+10),42:00,12,22,.545,0,0,,6,7,.857,2,3,5,3,2,1,3,30,22.3
65,1998-03-16,35-027,CHI,NJN,W (+16),33:00,6,15,.400,0,1,.000,5,8,.625,2,5,7,1,1,0,4,17,7.9
66,1998-03-17,35-028,CHI,IND,W (+6),42:00,14,28,.500,1,3,.333,6,9,.667,1,3,4,2,1,0,2,35,21.4
67,1998-03-20,35-031,CHI,VAN,W (+6),39:00,8,13,.615,1,2,.500,7,10,.700,0,4,4,3,0,1,3,24,17.5
68,1998-03-22,35-033,CHI,TOR,W (+2),41:00,13,28,.464,0,2,.000,7,7,1.000,0,4,4,3,5,3,2,33,25.8
69,1998-03-23,35-034,CHI,BOS,W (+23),36:00,11,22,.500,0,1,.000,2,2,1.000,1,6,7,2,2,1,2,24,17.2
70,1998-03-25,35-036,CHI,ORL,W (+15),38:00,8,21,.381,1,3,.333,0,1,.000,2,5,7,8,5,0,0,17,17.8
71,1998-03-27,35-038,CHI,ATL,W (+15),43:00,13,26,.500,0,0,,8,12,.667,1,4,5,4,0,1,2,34,21.6
72,1998-03-29,35-040,CHI,MIL,W (+17),35:00,13,24,.542,0,1,.000,4,5,.800,1,1,2,0,2,0,0,30,19.8
73,1998-03-31,35-042,CHI,DET,W (+5),47:00,11,26,.423,0,2,.000,4,4,1.000,1,2,3,8,4,2,4,26,18.5
74,1998-04-03,35-045,CHI,MIN,W (+14),38:00,16,25,.640,2,6,.333,7,8,.875,3,3,6,4,1,0,0,41,35.9
75,1998-04-05,35-047,CHI,HOU,W (+15),37:00,18,31,.581,0,0,,4,4,1.000,2,2,4,3,3,0,2,40,29.4
76,1998-04-07,35-049,CHI,WAS,W (+18),33:00,11,21,.524,1,2,.500,7,8,.875,1,3,4,3,1,1,2,30,22.7
77,1998-04-09,35-051,CHI,CLE,L (-6),37:00,10,24,.417,0,2,.000,9,12,.750,0,6,6,4,0,0,4,29,14.4
78,1998-04-11,35-053,CHI,ORL,W (+9),35:00,15,25,.600,3,5,.600,4,10,.400,1,3,4,2,4,0,0,37,29.3
79,1998-04-13,35-055,CHI,IND,L (-9),41:00,7,19,.368,1,1,1.000,12,14,.857,0,4,4,3,3,0,4,27,18.0
80,1998-04-15,35-057,CHI,DET,L (-8),43:00,7,25,.280,0,3,.000,5,10,.500,4,2,6,4,1,0,2,19,5.9
81,1998-04-17,35-059,CHI,PHI,W (+7),39:00,9,19,.474,0,2,.000,6,8,.750,1,5,6,2,5,0,4,24,16.1
82,1998-04-18,35-060,CHI,NYK,W (+2),40:00,11,24,.458,0,0,,22,24,.917,0,3,3,3,1,0,1,44,33.4
1,2001-10-30,38-255,WAS,NYK,L (-2),37:00,7,21,.333,0,3,.000,5,6,.833,3,2,5,6,4,0,3,19,13.4
2,2001-11-01,38-257,WAS,ATL,W (+10),40:00,13,30,.433,0,3,.000,5,6,.833,0,6,6,6,2,0,1,31,21.0
3,2001-11-03,38-259,WAS,PHI,W (+14),38:00,7,21,.333,0,0,,6,9,.667,2,4,6,9,2,1,2,20,16.1
4,2001-11-04,38-260,WAS,DET,L (-22),22:00,8,18,.444,0,0,,3,3,1.000,0,8,8,2,1,0,1,19,13.0
5,2001-11-07,38-263,WAS,BOS,L (-9),41:00,12,26,.462,0,1,.000,8,10,.800,2,6,8,2,2,0,5,32,18.6
6,2001-11-09,38-265,WAS,GSW,L (-9),38:00,13,30,.433,0,1,.000,6,8,.750,0,3,3,3,3,0,3,32,17.2
7,2001-11-11,38-267,WAS,SEA,L (-15),39:00,5,26,.192,0,1,.000,6,6,1.000,3,9,12,4,1,2,1,16,7.2
8,2001-11-14,38-270,WAS,MIL,L (-9),41:00,12,24,.500,0,1,.000,7,8,.875,1,3,4,3,2,1,3,31,20.8
9,2001-11-16,38-272,WAS,UTA,L (-9),41:00,17,33,.515,1,2,.500,9,11,.818,3,4,7,3,1,0,0,44,33.3
10,2001-11-20,38-276,WAS,CHH,L (-7),41:00,13,23,.565,1,2,.500,3,4,.750,0,4,4,6,2,0,5,30,19.5
11,2001-11-22,38-278,WAS,IND,L (-7),40:00,8,26,.308,0,1,.000,5,5,1.000,0,5,5,6,2,1,3,21,11.0
12,2001-11-24,38-280,WAS,BOS,W (+4),45:00,7,24,.292,0,1,.000,3,3,1.000,1,10,11,6,1,0,2,17,8.7
13,2001-11-27,38-283,WAS,CLE,L (-19),31:00,9,24,.375,0,0,,0,0,,1,3,4,5,1,0,0,18,10.1
14,2001-11-28,38-284,WAS,PHI,W (+7),38:00,11,27,.407,0,1,.000,8,10,.800,0,6,6,7,5,1,1,30,25.3
15,2001-11-30,38-286,WAS,MIA,W (+9),38:00,10,20,.500,0,1,.000,2,3,.667,1,6,7,5,0,0,2,22,14.8
16,2001-12-01,38-287,WAS,ORL,L (-9),33:00,6,19,.316,0,0,,3,3,1.000,0,7,7,7,0,2,2,15,8.9
17,2001-12-06,38-292,WAS,HOU,W (+3),33:00,9,23,.391,0,0,,0,0,,0,6,6,7,0,0,4,18,7.4
18,2001-12-08,38-294,WAS,DAL,W (+7),35:00,7,21,.333,0,1,.000,7,9,.778,2,10,12,4,4,0,1,21,17.3
19,2001-12-11,38-297,WAS,MEM,W (+10),31:00,8,19,.421,0,1,.000,0,0,,0,6,6,9,0,0,0,16,13.2
20,2001-12-12,38-298,WAS,MIA,W (+2),34:00,9,23,.391,0,1,.000,7,11,.636,0,6,6,7,1,1,1,25,18.3
21,2001-12-14,38-300,WAS,NYK,W (+16),34:00,8,19,.421,0,1,.000,3,3,1.000,0,6,6,6,1,2,5,19,10.7
22,2001-12-16,38-302,WAS,TOR,W (+5),36:00,8,21,.381,0,0,,5,6,.833,2,2,4,3,3,0,4,21,11.0
23,2001-12-19,38-305,WAS,ATL,W (+27),27:00,11,19,.579,0,1,.000,1,1,1.000,1,3,4,6,1,1,2,23,18.8
24,2001-12-21,38-307,WAS,ORL,W (+18),34:00,3,16,.188,0,0,,6,6,1.000,3,3,6,8,1,0,3,12,8.2
25,2001-12-22,38-308,WAS,NYK,W (+1),36:00,11,22,.500,0,0,,4,7,.571,0,1,1,3,1,0,4,26,12.4
26,2001-12-26,38-312,WAS,CHH,L (-6),35:00,11,28,.393,1,2,.500,5,6,.833,1,3,4,7,1,0,3,28,15.3
27,2001-12-27,38-313,WAS,IND,L (-27),25:00,2,10,.200,1,2,.500,1,2,.500,2,2,4,4,0,0,4,6,-0.2
28,2001-12-29,38-315,WAS,CHH,W (+17),38:00,21,38,.553,0,2,.000,9,10,.900,2,5,7,4,3,0,4,51,35.9
29,2001-12-31,38-317,WAS,NJN,W (+22),39:00,16,32,.500,1,3,.333,12,13,.923,0,10,10,7,3,0,3,45,35.7
30,2002-01-04,38-321,WAS,CHI,W (+6),38:00,9,24,.375,0,2,.000,11,13,.846,0,7,7,3,2,2,5,29,16.0
31,2002-01-08,38-325,WAS,LAC,W (+8),42:00,9,24,.375,0,0,,0,1,.000,2,8,10,8,1,0,4,18,10.4
32,2002-01-11,38-328,WAS,MIL,L (-19),33:00,10,24,.417,0,0,,2,4,.500,0,3,3,3,1,0,6,22,5.6
33,2002-01-12,38-329,WAS,MIN,L (-8),40:00,14,30,.467,0,0,,7,7,1.000,0,6,6,4,1,1,5,35,20.1
34,2002-01-15,38-332,WAS,SAS,L (-5),40:00,5,21,.238,0,0,,10,16,.625,0,1,1,4,0,1,4,20,4.7
35,2002-01-16,38-333,WAS,NJN,L (-44),18:00,4,14,.286,0,0,,2,2,1.000,0,2,2,1,1,1,1,10,3.4
36,2002-01-19,38-336,WAS,CHI,W (+8),41:00,7,21,.333,0,2,.000,2,6,.333,0,12,12,4,2,2,9,16,1.7
37,2002-01-21,38-338,WAS,MIN,L (-4),39:00,12,34,.353,1,4,.250,4,5,.800,4,10,14,3,0,0,1,29,16.1
38,2002-01-22,38-339,WAS,PHI,L (-7),42:00,14,27,.519,1,2,.500,1,1,1.000,2,6,8,6,2,1,5,30,20.2
39,2002-01-24,38-341,WAS,CLE,W (+9),40:00,18,29,.621,0,0,,4,7,.571,1,7,8,2,2,0,0,40,31.1
40,2002-01-26,38-343,WAS,PHO,W (+10),40:00,17,30,.567,0,0,,7,9,.778,2,2,4,7,2,0,2,41,32.1
41,2002-01-29,38-346,WAS,DET,L (-3),42:00,13,30,.433,0,0,,6,8,.750,0,5,5,7,2,0,3,32,20.8
42,2002-01-31,38-348,WAS,CLE,W (+1),40:00,11,27,.407,0,1,.000,4,4,1.000,1,4,5,8,1,0,4,26,16.0
43,2002-02-01,38-349,WAS,ATL,W (+7),38:00,10,24,.417,0,1,.000,8,10,.800,0,4,4,8,2,2,1,28,22.8
44,2002-02-03,38-351,WAS,IND,W (+20),41:00,11,19,.579,1,1,1.000,0,0,,1,4,5,6,0,0,0,23,19.4
45,2002-02-05,38-353,WAS,TOR,W (+5),40:00,10,21,.476,0,1,.000,3,4,.750,1,6,7,5,0,0,2,23,14.7
46,2002-02-07,38-355,WAS,SAC,W (+7),41:00,12,30,.400,0,1,.000,1,1,1.000,2,4,6,9,1,0,1,25,16.9
47,2002-02-12,38-360,WAS,LAL,L (-9),41:00,8,20,.400,0,0,,6,8,.750,0,5,5,6,2,1,4,22,14.4
48,2002-02-14,38-362,WAS,SAC,L (-16),33:00,6,18,.333,0,0,,4,6,.667,0,1,1,4,1,0,3,16,6.1
49,2002-02-15,38-363,WAS,PHO,W (+1),37:00,7,19,.368,0,0,,8,9,.889,0,6,6,4,2,2,5,22,13.3
50,2002-02-18,39-001,WAS,HOU,L (-13),36:00,5,12,.417,0,1,.000,1,2,.500,1,5,6,11,0,0,2,11,11.3
51,2002-02-21,39-004,WAS,NJN,L (-11),37:00,7,17,.412,0,1,.000,2,2,1.000,0,5,5,6,3,0,4,16,10.8
52,2002-02-23,39-006,WAS,MIA,L (-2),37:00,13,25,.520,1,1,1.000,10,12,.833,1,4,5,7,0,0,4,37,25.5
53,2002-02-24,39-007,WAS,MIA,L (-12),30:00,4,13,.308,1,2,.500,0,1,.000,0,5,5,6,3,0,6,9,3.0
54,2002-03-20,39-031,WAS,DEN,W (+32),16:00,2,9,.222,0,0,,3,3,1.000,0,1,1,2,2,0,2,7,3.2
55,2002-03-21,39-032,WAS,UTA,L (-15),22:00,4,12,.333,0,0,,3,4,.750,0,4,4,4,1,0,1,11,7.8
56,2002-03-24,39-035,WAS,TOR,L (-1),22:00,6,17,.353,0,0,,2,2,1.000,0,3,3,2,2,0,3,14,4.2
57,2002-03-26,39-037,WAS,DEN,W (+16),20:00,4,9,.444,0,1,.000,1,3,.333,1,2,3,6,0,0,1,9,7.2
58,2002-03-29,39-040,WAS,MIL,W (+9),26:00,12,22,.545,0,0,,10,12,.833,0,3,3,1,0,0,0,34,23.8
59,2002-03-31,39-042,WAS,DAL,L (-7),28:00,4,14,.286,0,0,,2,2,1.000,1,2,3,5,1,1,2,10,5.9
60,2002-04-02,39-044,WAS,LAL,L (-20),12:00,1,5,.200,0,0,,0,0,,0,3,3,3,0,0,0,2,1.5
1,2002-10-30,39-255,WAS,TOR,L (-6),25:00,4,14,.286,0,0,,0,2,.000,0,3,3,1,3,0,2,8,0.4
2,2002-10-31,39-256,WAS,BOS,W (+45),21:00,8,15,.533,0,0,,5,5,1.000,0,4,4,5,2,1,0,21,20.7
3,2002-11-02,39-258,WAS,NJN,L (-8),27:00,7,16,.438,1,2,.500,6,8,.750,0,2,2,2,2,0,0,21,15.0
4,2002-11-05,39-261,WAS,MIN,L (-4),29:00,5,14,.357,0,0,,0,0,,0,2,2,1,1,0,1,10,2.7
5,2002-11-06,39-262,WAS,CLE,W (+7),24:00,2,6,.333,0,1,.000,2,3,.667,1,2,3,4,3,0,1,6,7.1
6,2002-11-08,39-264,WAS,LAL,W (+1),30:00,9,14,.643,0,0,,7,12,.583,0,3,3,3,2,0,2,25,18.2
7,2002-11-09,39-265,WAS,CLE,W (+14),31:00,5,11,.455,0,1,.000,2,2,1.000,2,6,8,6,0,2,0,12,13.9
8,2002-11-12,39-268,WAS,SEA,L (-6),31:00,13,22,.591,0,0,,1,2,.500,1,5,6,4,1,1,4,27,18.7
9,2002-11-14,39-270,WAS,UTA,W (+3),34:00,7,17,.412,0,1,.000,5,5,1.000,0,6,6,1,1,0,3,19,8.8
10,2002-11-16,39-272,WAS,MIA,W (+30),19:00,4,5,.800,0,0,,0,0,,0,5,5,2,2,0,1,8,8.8
11,2002-11-17,39-273,WAS,PHI,L (-16),28:00,9,16,.563,1,2,.500,0,0,,0,2,2,3,1,0,5,19,9.7
12,2002-11-22,39-278,WAS,HOU,L (-7),30:00,4,15,.267,0,0,,0,0,,0,2,2,1,0,0,1,8,-1.4
13,2002-11-23,39-279,WAS,MEM,L (-11),32:00,9,18,.500,0,0,,2,2,1.000,2,4,6,5,2,0,3,20,15.7
14,2002-11-26,39-282,WAS,IND,L (-4),34:00,10,21,.476,3,3,1.000,5,8,.625,0,1,1,2,3,0,1,28,19.0
15,2002-11-29,39-285,WAS,IND,L (-16),30:00,6,15,.400,0,1,.000,2,2,1.000,0,4,4,1,1,0,1,14,7.0
16,2002-11-30,39-286,WAS,PHI,L (-1),37:00,8,20,.400,0,2,.000,0,0,,1,3,4,2,0,1,2,16,5.7
17,2002-12-03,39-289,WAS,MIL,W (+25),30:00,9,20,.450,0,0,,7,8,.875,0,7,7,4,0,0,1,25,17.7
18,2002-12-04,39-290,WAS,DET,W (+5),39:00,5,14,.357,0,0,,11,16,.688,2,7,9,4,6,2,3,21,21.1
19,2002-12-06,39-292,WAS,ORL,L (-10),39:00,7,21,.333,0,0,,2,2,1.000,1,5,6,0,0,0,3,16,2.1
20,2002-12-07,39-293,WAS,NYK,W (+3),37:00,9,18,.500,0,1,.000,2,4,.500,0,9,9,2,3,0,2,20,14.1
21,2002-12-10,39-296,WAS,POR,L (-19),29:00,6,10,.600,0,0,,2,2,1.000,2,3,5,1,1,1,1,14,13.1
22,2002-12-13,39-299,WAS,NJN,L (-14),40:00,5,20,.250,0,0,,2,2,1.000,0,5,5,4,2,0,4,12,1.5
23,2002-12-15,39-301,WAS,TOR,W (+13),40:00,1,9,.111,0,0,,0,0,,2,6,8,9,2,1,0,2,7.5
24,2002-12-17,39-303,WAS,ATL,W (+10),38:00,12,18,.667,0,0,,6,6,1.000,0,3,3,2,0,0,1,30,22.3
25,2002-12-18,39-304,WAS,MEM,W (+18),35:00,14,23,.609,2,3,.667,3,3,1.000,0,5,5,2,3,0,3,33,25.4
26,2002-12-21,39-307,WAS,SAS,L (-11),41:00,8,20,.400,0,0,,0,0,,0,5,5,3,0,1,2,16,7.1
27,2002-12-23,39-309,WAS,DAL,L (-6),36:00,5,15,.333,1,1,1.000,2,2,1.000,0,7,7,8,0,2,3,13,9.4
28,2002-12-26,39-312,WAS,DET,L (-5),41:00,7,17,.412,0,1,.000,3,4,.750,1,3,4,1,0,2,4,17,5.6
29,2002-12-28,39-314,WAS,ATL,W (+8),35:00,4,10,.400,0,1,.000,2,2,1.000,1,3,4,5,1,1,0,10,10.6
30,2002-12-30,39-316,WAS,ORL,L (-17),39:00,8,17,.471,0,0,,5,5,1.000,0,8,8,9,3,0,4,21,18.4
31,2002-12-31,39-317,WAS,SAS,W (+2),35:00,7,15,.467,1,1,1.000,2,2,1.000,1,6,7,3,1,0,2,17,12.5
32,2003-01-02,39-319,WAS,CHI,W (+25),30:00,4,11,.364,0,2,.000,2,2,1.000,1,4,5,5,2,0,3,10,7.9
33,2003-01-04,39-321,WAS,IND,W (+3),53:00,14,26,.538,3,4,.750,10,12,.833,3,9,12,4,3,0,2,41,35.4
34,2003-01-06,39-323,WAS,BOS,W (+5),40:00,7,18,.389,0,2,.000,5,5,1.000,0,11,11,7,4,0,4,19,16.6
35,2003-01-08,39-325,WAS,CHI,W (+3),33:00,5,13,.385,0,0,,4,5,.800,0,10,10,7,1,0,2,14,11.8
36,2003-01-10,39-327,WAS,GSW,L (-5),41:00,7,17,.412,0,0,,0,0,,0,2,2,5,0,1,0,14,9.3
37,2003-01-11,39-328,WAS,NYK,W (+5),41:00,8,25,.320,0,0,,7,9,.778,5,5,10,3,1,0,2,23,13.2
38,2003-01-14,39-331,WAS,TOR,L (-9),41:00,8,23,.348,0,0,,6,6,1.000,2,3,5,4,3,2,2,22,16.2
39,2003-01-16,39-333,WAS,ORL,W (+15),39:00,12,25,.480,0,1,.000,8,10,.800,1,5,6,8,2,0,1,32,26.1
40,2003-01-18,39-335,WAS,PHI,L (-8),42:00,10,25,.400,0,3,.000,5,6,.833,2,6,8,7,5,1,2,25,21.3
41,2003-01-20,39-337,WAS,DEN,W (+15),42:00,11,22,.500,0,2,.000,3,4,.750,1,4,5,6,1,1,3,25,17.2
42,2003-01-22,39-339,WAS,NOH,L (-9),38:00,9,21,.429,0,0,,0,0,,0,4,4,3,3,0,2,18,10.8
43,2003-01-24,39-341,WAS,CHI,L (-7),39:00,4,14,.286,0,0,,3,4,.750,2,3,5,3,1,1,1,11,6.7
44,2003-01-25,39-342,WAS,MIN,L (-8),41:00,8,18,.444,0,1,.000,1,2,.500,0,8,8,5,2,1,4,17,11.8
45,2003-01-27,39-344,WAS,PHO,W (+5),38:00,9,14,.643,0,0,,1,2,.500,0,7,7,1,2,0,5,19,11.8
46,2003-01-29,39-346,WAS,NJN,L (-8),37:00,4,16,.250,0,0,,0,0,,0,5,5,5,0,0,3,8,-0.4
47,2003-01-30,39-347,WAS,MIL,L (-7),39:00,11,24,.458,0,1,.000,2,3,.667,2,2,4,4,1,0,2,24,14.6
48,2003-02-01,39-349,WAS,NOH,W (+5),44:00,18,33,.545,0,0,,9,10,.900,1,2,3,6,1,1,2,45,31.9
49,2003-02-04,39-352,WAS,CLE,W (+9),43:00,13,26,.500,0,0,,1,1,1.000,0,4,4,8,4,1,2,27,22.3
50,2003-02-11,39-359,WAS,SAC,L (-19),31:00,5,19,.263,0,0,,2,2,1.000,2,5,7,2,0,0,1,12,4.0
51,2003-02-12,39-360,WAS,LAC,W (+4),39:00,8,24,.333,0,0,,7,9,.778,2,4,6,12,2,1,2,23,17.9
52,2003-02-14,39-362,WAS,UTA,L (-32),29:00,3,12,.250,0,0,,5,5,1.000,1,1,2,3,0,0,2,11,4.9
53,2003-02-19,40-002,WAS,NOH,L (-12),39:00,8,23,.348,0,0,,4,6,.667,3,3,6,2,0,2,3,20,9.1
54,2003-02-21,40-004,WAS,NJN,W (+3),43:00,18,30,.600,0,0,,7,8,.875,0,10,10,3,4,1,1,43,36.8
55,2003-02-23,40-006,WAS,DAL,L (-5),52:00,14,26,.538,0,0,,2,2,1.000,2,7,9,3,2,1,6,30,18.5
56,2003-02-25,40-008,WAS,IND,W (+5),41:00,11,25,.440,0,0,,3,4,.750,0,6,6,3,1,0,1,25,14.6
57,2003-02-27,40-010,WAS,HOU,W (+2),50:00,15,26,.577,0,0,,5,7,.714,0,11,11,6,0,0,3,35,25.3
58,2003-03-01,40-012,WAS,CHI,W (+8),43:00,7,18,.389,0,2,.000,3,4,.750,0,8,8,8,0,0,2,17,12.0
59,2003-03-02,40-013,WAS,MIA,L (-10),39:00,9,27,.333,0,1,.000,3,3,1.000,1,7,8,2,1,3,0,21,12.2
60,2003-03-04,40-015,WAS,TOR,L (-3),15:00,2,5,.400,0,0,,0,0,,1,2,3,2,0,0,3,4,0.6
61,2003-03-05,40-016,WAS,LAC,W (+19),24:00,4,14,.286,0,0,,2,2,1.000,3,6,9,0,0,0,1,10,3.9
62,2003-03-07,40-018,WAS,MIL,L (-3),43:00,11,24,.458,0,1,.000,5,6,.833,0,9,9,3,2,0,1,27,19.2
63,2003-03-09,40-020,WAS,NYK,L (-1),43:00,13,22,.591,0,0,,13,15,.867,1,7,8,1,1,0,3,39,28.3
64,2003-03-11,40-022,WAS,ORL,W (+1),40:00,10,18,.556,0,0,,3,3,1.000,0,4,4,2,2,0,9,23,8.4
65,2003-03-14,40-025,WAS,DET,L (-10),40:00,6,18,.333,0,0,,3,4,.750,1,4,5,4,2,1,0,15,11.0
66,2003-03-15,40-026,WAS,MIA,W (+7),39:00,9,18,.500,0,1,.000,1,1,1.000,2,6,8,1,2,2,3,19,13.1
67,2003-03-18,40-029,WAS,DET,L (-4),50:00,10,25,.400,0,1,.000,3,4,.750,1,10,11,3,0,0,2,23,12.1
68,2003-03-21,40-032,WAS,PHO,L (-26),36:00,4,12,.333,0,1,.000,6,6,1.000,2,3,5,2,1,1,2,14,10.6
69,2003-03-23,40-034,WAS,GSW,L (-6),42:00,11,23,.478,1,1,1.000,1,1,1.000,0,5,5,4,2,0,3,24,14.8
70,2003-03-25,40-036,WAS,POR,W (+4),41:00,11,19,.579,0,0,,3,4,.750,0,5,5,7,2,0,1,25,21.5
71,2003-03-26,40-037,WAS,SEA,W (+6),44:00,12,22,.545,0,0,,2,3,.667,1,9,10,4,2,1,4,26,18.7
72,2003-03-28,40-039,WAS,LAL,L (-14),41:00,10,20,.500,0,0,,3,4,.750,0,0,0,4,1,0,1,23,15.0
73,2003-03-30,40-041,WAS,DEN,L (-16),37:00,9,23,.391,0,1,.000,1,2,.500,1,4,5,2,1,0,5,19,5.0
74,2003-04-02,40-044,WAS,SAC,L (-6),42:00,8,17,.471,0,0,,1,2,.500,0,1,1,4,0,0,1,17,9.2
75,2003-04-03,40-045,WAS,ATL,L (-2),43:00,10,23,.435,0,1,.000,2,2,1.000,1,13,14,7,2,0,0,22,20.6
76,2003-04-06,40-048,WAS,BOS,W (+1),47:00,10,22,.455,1,1,1.000,4,4,1.000,2,11,13,7,2,0,2,25,22.0
77,2003-04-08,40-050,WAS,CLE,W (+9),46:00,10,19,.526,1,1,1.000,5,5,1.000,3,7,10,3,3,1,1,26,25.7
78,2003-04-09,40-051,WAS,BOS,L (-4),43:00,8,17,.471,1,2,.500,4,4,1.000,0,10,10,1,2,0,1,21,16.2
79,2003-04-11,40-053,WAS,MIA,W (+4),40:00,11,26,.423,0,1,.000,3,3,1.000,1,1,2,4,2,0,1,25,15.2
80,2003-04-12,40-054,WAS,ATL,L (-1),30:00,8,16,.500,0,0,,1,2,.500,2,6,8,6,1,1,2,17,14.5
81,2003-04-14,40-056,WAS,NYK,L (-14),37:00,9,22,.409,0,3,.000,3,3,1.000,1,7,8,1,1,0,2,21,11.3
82,2003-04-16,40-058,WAS,PHI,L (-20),28:00,6,15,.400,0,0,,3,4,.750,0,4,4,4,0,0,2,15,8.5
